id,encounter_date,reported_date,year,month,hour,season,country_code,country,region,locale,latitude,longitude,ufo_shape,duration_secs,description
65,1996-10-10 20:00:00,1999-05-24,1996,October,20,Autumn,AUS,Australia,New South Wales,,-33.093373,151.588982,Light,300.0,red light with other red flashing light one object
515,1970-10-01 23:00:00,2004-07-08,1970,October,23,Autumn,,,,,-33.137551,81.826172,Light,240.0,bright object seemingly appeared out of nowhere in the indian ocean miles from any land.
800,2006-10-01 06:00:00,2008-07-05,2006,October,6,Autumn,IRQ,Iraq,Al-Anbar Governorate,,33.223191,43.679291,Triangle,15.0,i saw the same thing  in 2006
1051,2002-10-12 19:13:00,2008-08-12,2002,October,19,Autumn,AUS,Australia,,,-25.274398,133.775136,Other,420.0,this was a very close encounter with  unidentifiable flying phenomenon.
1740,1968-10-15 21:30:00,2003-09-12,1968,October,21,Autumn,,,,,-8.783195,-124.508523,Circle,30.0,bright white soundless orb with no trajecory nor trail of flames
1882,1990-10-15 22:30:00,2005-10-20,1990,October,22,Autumn,SAU,Saudi Arabia,Riyadh Region,,23.885942,45.079162,Triangle,20.0,october 1990 - saudi arabia - large dark triangular object - 3 white lights -  20 seconds - no sound - no stars behind object
1916,1995-10-15 21:00:00,2000-12-09,1995,October,21,Autumn,AUS,Australia,Queensland,,-27.251405,152.991072,Fireball,300.0,ufo in kallangur
2193,2008-10-15 00:00:00,2009-03-19,2008,October,0,Autumn,,United Kingdom,England,,53.716667,-0.333333,Disk,420.0,2 orangey red discs similar to other reports from the time.
2801,2008-10-18 23:45:00,2008-10-31,2008,October,23,Autumn,,Belgium,Flemish Brabant,Leuven,50.866667,4.7,Circle,4.0,very fast yellow dot.
3282,2008-10-20 02:00:00,2009-08-27,2008,October,2,Autumn,,,,,-33.137551,81.826172,Unknown,300.0,at night in the middle of the ocean ( a light from unknown source inspecting my ship) from 50-100 meter
3438,2003-10-21 03:00:00,2003-10-31,2003,October,3,Autumn,CAN,Canada,Yukon,,64.282327,-135.0,Triangle,1800.0,triangle of lights in the yukon.
3474,2006-10-21 23:40:00,2006-12-07,2006,October,23,Autumn,AUS,Australia,Western Australia,Karratha,-20.744222,116.804227,Unknown,180.0,objects in the pilbara desert skys of western australia
3629,2002-10-02 22:50:00,2002-10-15,2002,October,22,Autumn,CAN,Canada,Yukon,,64.282327,-135.0,Unknown,8.0,movement of object was very unusual looking and moved with great speed
3888,2009-10-22 21:30:00,2009-12-12,2009,October,21,Autumn,GBR,United Kingdom,England,London,51.394943,-0.19446,Triangle,1200.0,cluster of orange lights over morden uk
4013,2000-10-23 00:00:00,2000-12-02,2000,October,0,Autumn,MKD,North Macedonia,Pelagonia Region,,40.883316,21.022196,Other,180.0,report from macedonia
4212,1995-10-24 02:00:00,2006-07-16,1995,October,2,Autumn,,,,,40.076986,11.343106,Sphere,30.0,blue colour sphere was obsereved from containershipdia abt 4mtrsfrom dist of abt 8mtr.moved after twds italian coast.
4274,2004-10-24 23:27:00,2004-10-27,2004,October,23,Autumn,NAM,Namibia,Omaheke,,-21.846665,19.188005,Cylinder,5.0,bright flash lightens up night sky object fires across sky at unbelievable speed&#8230; ((nuforc note:  possible meteor.  pd))
4292,2006-10-24 21:55:00,2006-10-30,2006,October,21,Autumn,,United Kingdom,England,,53.716667,-0.333333,Triangle,30.0,3 red lights flying fast in loose triangular formation hull east yorkshire uk.
4329,2009-10-24 16:00:00,2009-12-12,2009,October,16,Autumn,GBR,United Kingdom,England,London,51.394943,-0.19446,Disk,600.0,discs over morden surrey uk
4610,2013-10-25 18:25:00,2013-11-11,2013,October,18,Autumn,ARE,United Arab Emirates,Dubai,,25.187459,55.405636,Light,600.0,cloud containing yellow purple and red lights for 5 minutes.  lights remained contained and cloud disappeared after 5-10 minutes.
5363,2010-10-29 21:00:00,2010-11-21,2010,October,21,Autumn,,,,,-33.137551,81.826172,Fireball,5400.0,during the routine bridge watch at sea on the 29th oct 2010 2200 utc in position 03 56s 074 59e i happened to observe a bright reddis
5430,1995-10-30 21:30:00,2003-09-24,1995,October,21,Autumn,AUS,Australia,Western Australia,,-26.316667,113.333333,Triangle,300.0,triangle one light on each corner very little noise and two seperate white light spheres.
5857,2005-10-31 19:30:00,2005-11-08,2005,October,19,Autumn,AUS,Australia,,,-25.274398,133.775136,Disk,180.0,chromed disc shapped object moving irractically dissapearing/reapearing very fast to floating at times. clear skies at dusk.
6694,2004-10-06 22:15:00,2004-10-27,2004,October,22,Autumn,USA,United States,Pennsylvania,,40.0569444,-76.5525,Triangle,60.0,slow and low flying triangular craft with lights some blinking with a slight engine sound
6735,2007-10-06 22:40:00,2012-04-18,2007,October,22,Autumn,,United Kingdom,England,,50.8,-0.366667,,240.0,blue star shaped metal machine. 0-1 binary. 7ft star being
6841,1989-10-07 00:00:00,2003-11-26,1989,October,0,Autumn,LBY,Libya,District of Al-Jufra,,26.3351,17.228331,Circle,60.0,a bright red circle shaped object that was moving straight and zigzaging.
7412,1971-01-10 21:00:00,2003-12-19,1971,January,21,Winter,,United Kingdom,England,Arun,50.783333,-0.466667,Disk,180.0,about 60 ft long red and yellow lights a big spotlight hoverd overhead about 500yds to the north of us for about 2 to 3 minutes no nois
7889,1996-11-11 23:00:00,2005-09-02,1996,November,23,Autumn,,United Kingdom,England,York,53.954115,-1.064262,Light,300.0,fast travelling in formation rapid change of trajectory.
8233,2001-01-11 18:00:00,2002-01-29,2001,January,18,Winter,,United Kingdom,England,Norwich,52.633333,1.3,Changing,360.0,static oblong ufo which changed shape.
8599,2013-01-11 21:00:00,2013-05-15,2013,January,21,Winter,AUS,Australia,,,-25.274398,133.775136,Disk,30.0,ufo in western australian skies.
8658,1999-11-12 23:30:00,2000-04-15,1999,November,23,Autumn,AUS,Australia,Queensland,,-19.135865,146.842356,Light,600.0,watching stormthought a boat let out a flarea red hovering light but the flare zig zagged then flew on angle then flew straight behi
8789,2011-11-12 19:00:00,2011-12-12,2011,November,19,Autumn,,United States,New York,,40.7002778,-73.5933333,Circle,180.0,5 orange round sphere shaped objects float across sky remaining in pattern.
8892,2003-11-13 21:30:00,2003-11-26,2003,November,21,Autumn,,,,,-14.599413,-28.673147,Rectangle,60.0,a bright orange object appeared to be observing our cruise ship in the southern atlantic ocean
8921,2007-11-13 01:30:00,2007-11-28,2007,November,1,Autumn,AUS,Australia,New South Wales,,-33.224584,151.221857,Light,600.0,pulsating light dissappeared glided across sky descended dissappeared reappeared
8977,2010-11-13 21:30:00,2010-11-21,2010,November,21,Autumn,AUS,Australia,,,-25.274398,133.775136,Changing,600.0,strange group of moving bright objects observed by family and captured footage in au nov 10 ((nuforc note:  photos ambiguous.  pd))
10153,2001-11-17 01:27:00,2001-11-20,2001,November,1,Autumn,,New Zealand,Canterbury,Christchurch,-43.532054,172.636225,Light,20.0,travelling from south to north off the east coast it was definitely in space what appeared at first to just be a satalite until it m
10470,2006-11-18 22:34:00,2006-12-07,2006,November,22,Autumn,,Netherlands,South Holland,Rotterdam,51.921667,4.481111,Flash,60.0,cruising back home from work on my bike i saw 2 flashes going slowly on the horizon.  ((nuforc note:  anonymous.  possible hoax.  pd))
10559,2012-11-18 22:55:00,2012-11-19,2012,November,22,Autumn,GBR,United Kingdom,England,London,51.35,0.1,Other,300.0,i saw a large shimmering armoured riot like vehicle hovering off the ground making jet sounds with random flashing lights on
10865,1980-01-01 19:00:00,2005-06-20,1980,January,19,Winter,AUS,Australia,Queensland,,-16.816667,145.716667,Other,600.0,1 slow moving ufo rising from east (ocean) to west on straight path rectangular/cylindrical shape.
10898,1996-01-01 03:00:00,2007-11-28,1996,January,3,Winter,AUS,Australia,Western Australia,,-32.075542,115.779634,Unknown,900.0,it came to me in the form of a dream. i was looking out side my windows of my bedroom and i saw 3 grey beings. they seemed to be about
11067,2007-01-01 13:40:00,2007-02-01,2007,January,13,Winter,GBR,United Kingdom,England,London,51.608139,0.10079,Triangle,240.0,in clear daylight three white lights in triangular formation very high in sky moving eastwards.
11150,2009-01-01 02:10:00,2009-01-10,2009,January,2,Winter,GBR,United Kingdom,England,London,51.383333,-0.1,Other,180.0,moving lights across the sky pair and triangular.
11186,2010-01-01 00:15:00,2010-02-14,2010,January,0,Winter,GBR,United Kingdom,Northern Ireland,,54.787715,-6.492315,Sphere,300.0,i was looking out my living room window when i saw a light in the sky which i thought must be an aeroplane but we dont normally have t
11333,2013-01-01 00:04:00,2013-05-15,2013,January,0,Winter,AUS,Australia,Queensland,,-27.522349,153.191323,Disk,300.0,3 disc like crafts sighted on the eve of 2013 in brisbane area australia.
11822,2009-11-21 16:00:00,2009-12-12,2009,November,16,Autumn,CAN,Canada,Yukon,,64.282327,-135.0,Sphere,7200.0,flying bowling balls dodge from cloud-to-cloud
11979,2004-01-12 20:10:00,2004-01-17,2004,January,20,Winter,,Netherlands,South Holland,Rotterdam,51.921667,4.481111,Light,5.0,01/12/04 20:10 dutchtime near rotterdam two bright lights moving very fast from some kind of craft.
12011,2005-01-12 21:00:00,2005-01-19,2005,January,21,Winter,GBR,United Kingdom,England,London,51.416667,0.116667,Cross,3600.0,ufos over sidcup kent uk.
12384,2009-11-22 00:00:00,2009-12-12,2009,November,0,Autumn,KWT,Kuwait,Jahra,,29.31166,47.481766,Light,5.0,one light over camp lsa kuwait; moving fast - made a 'z' maneuver.
14027,2005-11-03 01:30:00,2005-11-08,2005,November,1,Autumn,PRI,British Virgin Islands,,,18.318899,-64.61106,Oval,120.0,oval object with two sets of lights around outter edge.  2-3 minutes
14674,1985-01-15 01:30:00,2000-02-23,1985,January,1,Winter,,,,,-14.599413,-28.673147,Light,1800.0,flashing lighted object observed by an e-3a awacs crew over the mid-atlantic
14770,2000-01-15 20:15:00,2000-04-01,2000,January,20,Winter,AUS,Australia,New South Wales,,-33.093373,151.588982,Circle,900.0,at the approx time of 8.15pm a bright circular red light was spotted north east of lake macquarie nsw australia.
15016,2009-11-05 22:00:00,2010-04-13,2009,November,22,Autumn,GBR,United Kingdom,England,London,51.55,0.166667,Fireball,90.0,ball of fire in sky in united kingdom
15184,1995-01-16 20:00:00,2008-02-14,1995,January,20,Winter,KWT,Kuwait,Jahra,,29.31166,47.481766,Fireball,300.0,green fire ball in kuwait toward the sky  and a power failure at the same location for one hour
15263,2004-11-06 01:00:00,2007-02-01,2004,November,1,Autumn,GBR,United Kingdom,England,London,51.550501,-0.304841,Unknown,20.0,9 glowing orbs sighted over wembley uk. one orb exhibiting extraordinarily odd behaviour.
15529,1991-01-17 02:46:00,2003-12-09,1991,January,2,Winter,IRQ,Iraq,Al-Anbar Governorate,,33.223191,43.679291,Triangle,300.0,strange black triangle moved close to our formation
15889,1943-01-18 07:15:00,2004-08-11,1943,January,7,Winter,FJI,Fiji,Central,,-18.0,178.0,,10.0,crew contingents of 2 usn vessels see reconnaissance plane fly into something invisible to witnesses.
16125,2009-01-18 00:00:00,2009-03-19,2009,January,0,Winter,,,,,-14.599413,-28.673147,Cigar,120.0,3 unusual brightly lit craft seen to be using cloud as cover in mid-atlantic.
16488,2009-11-09 01:00:00,2009-12-12,2009,November,1,Autumn,CAN,Canada,Quebec,,46.366667,-75.966667,Other,7200.0,strobing light multiple colours near maniwaki p.q. (130kms north of ottawa)
16885,1997-12-10 10:00:00,2004-08-24,1997,December,10,Winter,AUS,Australia,,,-25.274398,133.775136,Triangle,10800.0,the object was just still in the sky above aus making a huming noise
17072,2013-12-10 22:35:00,2013-12-12,2013,December,22,Winter,CAN,Canada,Ontario,,41.774489,-82.659147,Unknown,120.0,above.   ((nuforc note:  if the object was moving from e to w it almost certainly was not re-entering space debris.  pd))
17159,2007-12-11 23:45:00,2008-03-04,2007,December,23,Winter,KWT,Kuwait,Jahra,,29.31166,47.481766,Light,25.0,a fading light over kuwait this light was behaving like a one side light of a round object that was circling it self
17263,1993-12-01 22:00:00,2009-03-19,1993,December,22,Winter,,,,,-33.137551,81.826172,Light,5.0,light over military aircraft
17450,2006-01-21 03:15:00,2007-02-01,2006,January,3,Winter,IRQ,Iraq,Al-Anbar Governorate,,33.338196,43.596973,Other,30.0,starfox shaped craft with blue glow and smoke/debris trail behind with no sound within 2500m and an altitude no higher than 400 feet.
17657,1995-12-12 23:45:00,2005-01-19,1995,December,23,Winter,,,,,-8.783195,-124.508523,Unknown,60.0,the object made no sound had colorful lights and moved in a zig zag motion 1000 times faster than the speed of light.
17871,2001-12-13 19:00:00,2002-04-08,2001,December,19,Winter,,,,,-14.599413,-28.673147,Unknown,2700.0,elal flight enroute jfk- object left side of aircraft around 33000 boeing 777 enroute to telaviv-bengurion - object  we say is size of
18579,2010-12-16 19:40:00,2011-01-05,2010,December,19,Winter,,United States,New York,,41.1008333,-74.1166667,Light,600.0,3 lights zooming through the sky making loud buzzing sounds then vanishing.
18592,2011-12-16 21:30:00,2011-12-17,2011,December,21,Winter,,,,,-14.599413,-28.673147,Light,300.0,crew of lear jet over the atlantic ocean report a bizarre red strobing object.
18613,2013-12-16 18:45:00,2013-12-23,2013,December,18,Winter,CAN,Canada,Newfoundland and Labrador,,48.366667,-53.866667,Light,60.0,light in the sky passing over head then fading away.
18693,2006-12-17 05:30:00,2007-02-01,2006,December,5,Winter,CAN,Canada,Manitoba,Rural Municipality of Alonsa,51.090151,-99.149071,Fireball,2.0,ball of light - eddystone mb
18877,2011-12-18 21:00:00,2012-01-12,2011,December,21,Winter,,,,,-14.599413,-28.673147,Other,30.0,beautiful clear night on cruse ship  seen metal like bird  shine beam on ship
18962,2004-12-19 20:00:00,2005-01-11,2004,December,20,Winter,KWT,Kuwait,Jahra,,29.31166,47.481766,Oval,240.0,4 din lights in the sky  ((nuforc note:  advertising lights??  pd))
19056,2000-01-02 02:00:00,2004-06-18,2000,January,2,Winter,GRC,Greece,,,39.019184,25.268555,Unknown,1200.0,1/2/2000  aegean sea
19333,2009-12-20 19:23:00,2010-08-24,2009,December,19,Winter,CAN,Canada,Manitoba,Unorganized Division No. 23,57.066667,-92.583333,Light,1800.0,red/blue light hovering over nelson b.c. canadas bridge
19818,1994-12-22 19:00:00,2003-08-01,1994,December,19,Winter,,Netherlands,Groningen,Groningen,53.219384,6.566502,Light,1200.0,radar-visual sighting dur. 20 minutes - audio tape from atc by experiecend pilot of two intelligent lights
20052,2008-12-23 17:11:00,2009-01-10,2008,December,17,Winter,,United Kingdom,England,East Suffolk,51.95,1.3,Fireball,120.0,fireballs hover over road and disappear
20065,2010-12-23 18:00:00,2011-01-05,2010,December,18,Winter,CAN,Canada,Newfoundland and Labrador,,48.366667,-53.866667,Unknown,300.0,anomalous object with erractic flight patterns over lethbridge alberta.
20360,2013-12-24 17:30:00,2014-01-10,2013,December,17,Winter,AUS,Australia,Western Australia,,-32.366464,115.755576,Light,180.0,bright light over port kennedy western australia that rose up and then travelled in a straight line above our heads and into the distan
20878,2007-12-27 21:25:00,2008-03-04,2007,December,21,Winter,,United Kingdom,England,,53.716667,-0.333333,Light,300.0,three orange/amber lights observed in hull england on the 27th december 2007 at 21:25
21317,2003-12-30 01:00:00,2004-01-17,2003,December,1,Winter,AUS,Australia,Queensland,,-23.568135,140.679376,Light,900.0,two bright lights hovering one had a flashing red light
21458,2000-12-31 01:05:00,2001-01-03,2000,December,1,Winter,AUS,Australia,New South Wales,,-33.093373,151.588982,Flash,240.0,bright red glow that appeared outside window on the horizon.  the light then intensified then disappeared.
21572,2009-12-31 19:30:00,2010-02-14,2009,December,19,Winter,,United Kingdom,Scotland,,55.533333,-4.666667,Circle,600.0,this was a most clear concise sighting of totally inexplicable objects in perfect weather.
21579,2009-12-31 22:15:00,2010-02-14,2009,December,22,Winter,,United Kingdom,England,Arun,50.783333,-0.466667,Light,60.0,orange light moving quickly
21955,2006-01-23 02:00:00,2007-02-01,2006,January,2,Winter,IRQ,Iraq,Al-Anbar Governorate,,33.338196,43.596973,Light,2700.0,beams of light with an extremely slow pulse to it seen over vast desert and only seemingly visible through nvgs with a bright glow
22163,1976-12-04 14:00:00,2006-12-07,1976,December,14,Winter,,United Kingdom,England,,53.716667,-0.333333,Egg,1200.0,small object dark grey to black approx 18 - 24 inches across about 12 inches in height was stationary at about 40 feet in the air s
22398,2012-12-04 13:30:00,2012-12-20,2012,December,13,Winter,,United States,District of Columbia,Washington,38.907192,-77.036871,Sphere,2.0,me gustar&iacute;a me enviaran mas informaci&oacute;n con respecto a la esfera que vi gracias.
22478,1991-12-05 01:45:00,2002-08-28,1991,December,1,Winter,,United Kingdom,England,Gloucester,51.864245,-2.238156,Triangle,600.0,the sound from the craft moved threw the air before we saw it about two minutes after we saw the craft it was triangular in shap and ve
22530,2000-01-25 21:40:00,2000-02-16,2000,January,21,Winter,,France,Auvergne-Rhône-Alpes,,46.341547,2.601991,,360.0,sorry for my english ... a yellow light on north/ouest montlu&ccedil;on .the light  was different than stars after five minits of no mouvement
22547,2002-01-25 17:00:00,2002-07-26,2002,January,17,Winter,,United States,Pennsylvania,Providence Township,39.9252778,-76.1983333,Cylinder,300.0,the craft was a charcoal colored cylinder that hovered approx.100 above the ground and appeared to be about 50 feet in length.
22549,2002-01-25 19:00:00,2002-02-22,2002,January,19,Winter,,United States,Louisiana,,32.4427778,-93.9727778,Sphere,14400.0,glowing orb flashes and hovers for three hours in smalltown in north louisiana.
22550,2002-01-25 19:25:00,2002-01-29,2002,January,19,Winter,,United Kingdom,England,,53.133333,-1.2,Light,30.0,strange glow in sky at pleasley
22552,2002-01-25 20:00:00,2002-03-19,2002,January,20,Winter,,United States,Arkansas,,35.0011111,-92.6297222,Triangle,120.0,slow moving triangle craft above clearcut field in rural arkansas
22553,2002-01-25 20:15:00,2002-01-29,2002,January,20,Winter,,United States,Tennessee,,36.4877778,-87.8383333,Other,240.0,dropping lights catch the eye.
22563,2003-01-25 14:03:00,2003-01-26,2003,January,14,Winter,,Germany,Hesse,,49.680278,8.616111,Oval,15.0,i saw a white spot with a white cloudy haze around it in the sky about the size of an eraser head that dissappeared after about 15 sec.
22584,2004-01-25 19:30:00,2004-01-31,2004,January,19,Winter,,Canada,British Columbia,,48.439549,-123.326395,Other,1814400.0,bright lights colour changing spheresbeen observing for 3wkshigh in sky.
22588,2004-12-05 22:00:00,2004-12-14,2004,December,22,Winter,,Canada,Ontario,Strathroy-Caradoc,42.95,-81.616667,Diamond,600.0,slow moving diamond/triangle shaped low flying craft without any sound w/bright white lights on tips and scrolling blue and red lights
22589,2004-12-05 22:20:00,2004-12-14,2004,December,22,Winter,,Kyrgyzstan,,Bishkek City,42.874722,74.612222,Unknown,7200.0,a bright shining object  emitted multicolored beams of light
22591,2005-01-25 00:00:00,2005-02-22,2005,January,0,Winter,,United States,South Carolina,,34.6888889,-82.1958333,Light,30.0,bright white light non flashingleading in front of two airliners.
22594,2005-12-05 01:00:00,2006-02-14,2005,December,1,Winter,,United States,Nevada,North Las Vegas,36.250719,-115.1641,Disk,300.0,there were three saucer ufos flying about in a triangle pattern. lasted about 5 minutes.
22595,2005-01-25 06:32:00,2005-01-27,2005,January,6,Winter,,United States,Maryland,Hyattsville,38.9697222,-76.8802778,Light,2.0,observed burst of bluish light at cloud level at 0632 on 25 jan 05.
22597,2005-01-25 08:00:00,2005-04-16,2005,January,8,Winter,,United States,New Hampshire,,43.7097222,-71.4608333,Unknown,30.0,my girlfriend and i were driving down a country road that i live on when we both saw a group of very bright lights in the sky at or abo
22649,2007-01-25 19:30:00,2007-02-01,2007,January,19,Winter,,United States,Indiana,,40.4905556,-87.0963889,Circle,180.0,bright orange circle of light that appeared and reappeared in a different location several times
22669,2008-01-25 16:30:00,2008-02-14,2008,January,16,Winter,,United States,Michigan,Grand Rapids,42.96336,-85.668086,Cigar,10.0,a missle shaped silver object going at a fantastic rate of speed that was observed from inside an airplane.
22673,2008-01-25 22:00:00,2009-03-19,2008,January,22,Winter,,United States,Georgia,,31.1711111,-84.7333333,Disk,600.0,giant light with dish shaped object above it
22674,2008-01-25 22:00:00,2008-02-14,2008,January,22,Winter,,United States,North Carolina,,35.5755556,-81.2119444,Circle,900.0,strange object/light over maiden nc area
22676,2008-12-05 22:45:00,2009-01-10,2008,December,22,Winter,,United States,Maine,,43.8127778,-70.8780556,Teardrop,5.0,green light over ice skating rink in south hiram maine
22677,2008-01-25 23:00:00,2008-02-14,2008,January,23,Winter,,United States,Florida,,29.2891667,-82.1119444,Disk,30.0,saw a whit dot take shape of a saucer float there for a second and then take off into the clouds
22679,2008-01-25 23:00:00,2008-02-14,2008,January,23,Winter,,United States,Florida,,28.865,-82.0391667,Flash,2.0,green oval shaped flash of light no sound
22703,2010-12-05 09:20:00,2011-01-05,2010,December,9,Winter,,United States,New Jersey,,40.8258333,-74.2094444,Oval,40.0,brite white oval shaped object that grew briter and disappeared
22705,2010-01-25 11:30:00,2010-04-13,2010,January,11,Winter,,Spain,Catalonia,,41.330975,1.922643,Disk,120.0,((hoax??))  a total circle no lights  only a litte ligth down of  blue
22706,2010-01-25 13:11:00,2010-02-14,2010,January,13,Winter,,Spain,Catalonia,Barcelona,41.385064,2.173403,,120.0,i and my friend have seen a black circular plate flying over the trees. it entered inside the wood and after 2 minutes aprox. it got ou
22903,2003-12-06 01:00:00,2004-06-04,2003,December,1,Winter,AUS,Australia,,,-25.274398,133.775136,Other,1800.0,one big blob shaped object appeared which appeared out of the sky then broke into lots of 16 cigar shaped thigymagigies an we were on
22904,2003-12-06 13:00:00,2003-12-09,2003,December,13,Winter,,Germany,North Rhine-Westphalia,Münster,51.966667,7.633333,Unknown,300.0,an odd object was seen indaylight. my brother in law grabbed his digital camera and photographed it.  very strange object.
22979,2008-12-06 17:30:00,2009-01-10,2008,December,17,Winter,,United States,California,,33.7444444,-118.3861111,Triangle,300.0,at 530 on sunday12-6-08we saw a long black triangle float into the sky above the clouds about 50 thousand feet.
22993,2008-01-26 19:20:00,2008-02-14,2008,January,19,Winter,,United Kingdom,England,Basingstoke and Deane,51.266667,-1.083333,Disk,30.0,ufo basingstoke u.k.
22995,2008-01-26 21:45:00,2008-03-04,2008,January,21,Winter,,Australia,New South Wales,Sydney,-33.822345,151.009339,Sphere,600.0,3 objects of light seen in harris park sydney australia making no sounds as they fly
23009,2009-12-06 19:25:00,2009-12-12,2009,December,19,Winter,,Belgium,East Flanders,,50.93781,4.040952,Light,120.0,i and a work colleague were locking up the office in which we work. opposite to the office are two apartment buildings and a large car
23266,2008-01-27 14:00:00,2008-02-14,2008,January,14,Winter,,United States,New York,New York,40.71113,-73.81413,Circle,600.0,shiny metallic red top in briarwoodny 5-10 min.
23350,2012-01-27 19:55:00,2012-02-03,2012,January,19,Winter,,United States,Oregon,,45.2897222,-122.3325,Oval,3.0,a yellowish- orange round  oval object on edge glided at  300 feet above street level.   on a coarse from west to east.  the event last
23603,2009-01-28 17:45:00,2009-03-19,2009,January,17,Winter,,United States,California,,33.7413889,-118.1038889,Light,480.0,drifting red light escorted by 3 helicopters over orange county
23607,2009-12-08 19:00:00,2009-12-12,2009,December,19,Winter,,United Kingdom,England,,52.633333,1.75,Light,180.0,bright orange light travelling faster than usual with no sound at all.
23695,2013-01-28 21:00:00,2013-02-04,2013,January,21,Winter,,United States,South Dakota,Pierre,44.3683333,-100.3505556,Light,60.0,the ufo recognized somebody was watching and it stopped hovered for a minute before blasting off to space.
23698,2014-01-28 02:47:00,2014-01-30,2014,January,2,Winter,,United States,New Jersey,,39.4866667,-74.8361111,Diamond,600.0,triangle shaped craft white lights(no blinking) slow moving pace with a green light dropped out of it low altitude heading s-sw 2:45am
23699,2014-01-28 09:03:00,2014-01-30,2014,January,9,Winter,,United States,Texas,,33.1625,-96.9372222,Triangle,120.0,3 red lights moving slowly and making a humming sound.
23700,2014-01-28 11:23:00,2014-01-30,2014,January,11,Winter,,United States,Kentucky,,37.9736111,-83.8419444,Triangle,360.0,first me and a friend watch the sky light blue then a triangle shape of 10 to 12 crafts were moving in the stanton direction. cant exp
23703,2014-01-28 19:00:00,2014-02-07,2014,January,19,Winter,,United States,Maine,Bangor,44.843106,-68.821982,Circle,420.0,this red ball was like no man made 'light' that i am aware oflooking like a humming orb in down-east maine.
23713,1965-12-09 16:00:00,2011-12-12,1965,December,16,Winter,,United States,Washington,,47.9930556,-122.8647222,Other,10.0,in 1965 i was 9 years old and me and mt sister saw a fire ball craft tha looked like a acorn shaped craft somewhat like a bell with sim
23714,1965-12-09 16:30:00,2004-07-25,1965,December,16,Winter,,United States,New Jersey,,39.7938889,-75.1725,Cigar,120.0,an object like an airplane fusilage without wings  flames from it were going up not  i repeat not trailing the object
23741,1997-01-29 23:15:00,1998-03-07,1997,January,23,Winter,,United States,Rhode Island,,41.6602778,-71.4563889,Disk,300.0,i witnessed a ufo which may be of the lazar'sport model' variety when i was leaving work to drive home.the ufo was circular in shap
23777,2002-12-09 04:20:00,2002-12-23,2002,December,4,Winter,,United States,Massachusetts,,42.1041667,-72.3194444,Light,14400.0,moving star-like lights witnessed in early am in sky over ruran massachusetts town
23779,2002-01-29 20:00:00,2002-09-19,2002,January,20,Winter,,Mexico,Chihuahua,Chihuahua,28.632996,-106.0691,,60.0,tres dias antes del avistamiento tuve un sue&ntilde;o muy bonito y que me ocasiono mucha tranquilidad en el cual veia muchas naves de un color
23781,2002-01-29 22:00:00,2002-02-22,2002,January,22,Winter,,Netherlands,Gelderland,,52.298666,5.629619,Changing,120.0,changing shaped ufos change colour and turn at fast speed
23782,2002-12-09 22:00:00,2002-12-23,2002,December,22,Winter,,United States,Minnesota,,45.0322222,-93.3383333,Diamond,7200.0,diamond
23784,2003-12-09 00:50:00,2003-12-19,2003,December,0,Winter,,United States,Missouri,,37.18,-89.655,Other,30.0,alien / monster
23860,2007-12-09 18:00:00,2008-03-04,2007,December,18,Winter,,United States,California,,36.5433333,-119.3861111,Unknown,180.0,lights over central valley california
23873,2008-12-09 06:42:00,2009-01-10,2008,December,6,Winter,,United States,Virginia,,38.942324,-77.17647,Light,600.0,four twirling lights seen.  ((nuforc note:  advertising lights we suspect.  pd))
23876,2008-01-29 14:00:00,2008-02-14,2008,January,14,Winter,,United States,California,,32.8722222,-116.4175,Circle,10.0,it was in one picture and not the other frame
23878,2008-01-29 18:00:00,2008-02-14,2008,January,18,Winter,,United States,Texas,,33.015,-96.6127778,Flash,120.0,a bright object barely visible due to its distance slowly streaked across the sky and then dissappeared.
23882,2008-01-29 20:00:00,2009-08-27,2008,January,20,Winter,AUS,Australia,,,-25.274398,133.775136,Other,20.0,big black/gray object seen at the airport of brisbane australian
23910,2010-01-29 13:00:00,2010-02-14,2010,January,13,Winter,CAN,Canada,Manitoba,Unorganized Division No. 21,53.760861,-98.813876,Disk,120.0,on my way home i saw an ufo
23985,2013-01-29 21:00:00,2014-01-30,2013,January,21,Winter,,United States,New York,,42.844668,-73.81838,Light,240.0,pulsing red light see.
24010,1987-01-30 13:00:00,2007-04-27,1987,January,13,Winter,,United States,New York,,40.7138889,-73.5594444,Changing,1020.0,on 03/18107 photos of a black ufo that changed shape as it went from west to east were taken by my webcam.
24036,2003-01-30 20:16:00,2003-03-04,2003,January,20,Winter,,Netherlands,South Holland,,52.076158,4.362541,Circle,24.0,small object colour red within the atmosphere. flying very fast and turning around easely.
24038,2003-01-30 22:33:00,2003-03-04,2003,January,22,Winter,,Netherlands,North Holland,,52.503478,4.75717,Light,300.0,strange red lights over krommenie the netherlands
24090,2011-01-30 19:25:00,2011-02-08,2011,January,19,Winter,,United Kingdom,Scotland,,56.166667,-2.75,Sphere,60.0,pink coloured sphere
24196,2007-01-31 18:30:00,2007-02-01,2007,January,18,Winter,,France,Provence-Alpes-Côte d'Azur,Nice,43.710173,7.261953,Triangle,15.0,triangular shaped ufo over nice south of france (january 2007)
24502,2003-01-04 22:15:00,2003-03-04,2003,January,22,Winter,,Finland,,Espoo,60.205491,24.6559,Fireball,120.0,there were flames in the sky like an aeroplane in fire or candle.
24558,2008-01-04 20:44:00,2008-01-21,2008,January,20,Winter,,United States,Connecticut,New Britain,41.6611111,-72.78,Diamond,1248.0,diamond-shaped craft with two orange lights hovering in the sky  before fading and vanishing.
24838,2001-01-06 02:30:00,2001-08-05,2001,January,2,Winter,,Netherlands,North Holland,,52.514382,4.964061,Formation,30.0,stunt show made by 3 objects....
24867,2004-01-06 22:00:00,2004-01-17,2004,January,22,Winter,,United States,New York,,41.0588889,-74.0222222,,60.0,large yellow bright light observed too low and much to large to be a plane
24959,2013-01-06 18:35:00,2013-10-23,2013,January,18,Winter,CUB,Cayman Islands,,,19.32217,-81.240869,Circle,60.0,object came across 7 mile beach from ocean. stopped then took off into space at high rate of speed. event reocurred a few mins later i
25136,2012-01-07 07:00:00,2012-02-03,2012,January,7,Winter,,United States,Maryland,Baltimore,39.321528,-76.574831,Triangle,120.0,triangle shaped craft with white lights seen hovering over highway
25137,2012-01-07 14:20:00,2012-01-12,2012,January,14,Winter,,Japan,,Saitama,35.906487,139.628754,Sphere,60.0,two brothers witness 10 to 15 spherical objects traveling southeast toward tokyo.
25305,2012-01-08 09:00:00,2012-01-12,2012,January,9,Winter,,Netherlands,South Holland,Rotterdam,51.921667,4.481111,Light,900.0,bright lights near rotterdam airport
25417,2007-01-09 23:39:00,2007-02-01,2007,January,23,Winter,,United States,New York,,40.7138889,-73.5594444,Unknown,30.0,my wife and i were getting ready to sleep and both of us heard this strange noise. at first it was loud almost like an aircraft engine
25604,2009-02-10 18:22:00,2009-03-19,2009,February,18,Winter,,United Kingdom,England,London,51.65,-0.2,Triangle,420.0,square then triangular formation of lights north of london 10th. february 2009
25671,1999-02-11 19:30:00,1999-04-02,1999,February,19,Winter,,United States,California,,38.3269444,-122.7061111,Fireball,10.0,i was driving north on hwy 101 over the hill from peteluma to cotati when i saw a green/blue orb pass in front of my car in the upper p
25686,2001-02-11 22:30:00,2001-03-06,2001,February,22,Winter,,United Kingdom,England,St Albans,51.75,-0.333333,Formation,300.0,one bright flare-like light with 3 pinpoint lights moving towards it
25704,2004-02-11 05:45:00,2005-05-24,2004,February,5,Winter,,United States,Massachusetts,Boston,42.325,-71.0958333,Light,300.0,((nuforc note:  possible sighting of planets??  pd))  unusual pre-dawn sighting.
25779,2011-02-11 20:00:00,2011-10-10,2011,February,20,Winter,ARE,United Arab Emirates,Dubai,,25.047664,55.181741,Triangle,180.0,bright firey object in night sky over dubai uae that moved irradically
25795,2013-02-11 23:49:00,2013-02-18,2013,February,23,Winter,AUS,Australia,Queensland,,-27.927513,153.194305,Unknown,120.0,bright flashing ufo
25817,1971-02-01 20:00:00,2005-12-16,1971,February,20,Winter,,,,,-8.783195,-124.508523,Light,60.0,i was in the navy in 1971 on a recovery mission aboard the uss new orleans lph 11 we recovered apollo 14 the apollo space craft was abo
25910,2005-02-01 20:20:00,2005-02-24,2005,February,20,Winter,,Estonia,,Tartu,58.380685,26.725015,Triangle,15.0,three triangle shaped lights moving really fast and dodging leftright.
25929,2008-02-01 04:30:00,2008-02-14,2008,February,4,Winter,,United States,Florida,Daytona Beach,29.210815,-81.022833,Teardrop,9000.0,4:30 am to sunrise southern sky driving on i-4 from daytona beach to tampa two comets tracked the same latitude as moon as bright
26050,2000-02-12 17:00:00,2000-02-23,2000,February,17,Winter,,United States,New York,Buffalo,42.94053,-78.869791,Circle,900.0,circular jet black object remained motionless in the sky for 10 minutes then smoothly moved away out of sight.
26062,2002-02-12 18:56:00,2002-02-22,2002,February,18,Winter,,Belgium,West Flanders,,51.06498,3.10157,Circle,10.0,green light ship
26108,2007-02-12 00:15:00,2007-03-08,2007,February,0,Winter,,Philippines,Batangas,Batangas City,13.756465,121.058308,Sphere,720.0,ufo sighting batangas philippines. dancing in the sky
26110,2007-02-12 17:00:00,2007-02-24,2007,February,17,Winter,,United States,Florida,,30.2452778,-85.6483333,Disk,15.0,platinum colored disk hovering silently above houses just across the street.
26112,2007-02-12 21:00:00,2008-03-04,2007,February,21,Winter,,Australia,New South Wales,Sydney,-33.861481,151.205475,Cigar,120.0,((hoax))  five to six craft spotted flyinfg over outskirts of sydney australia.  ((nuforc note:  student report.  pd))
26113,2007-02-12 23:00:00,2007-02-24,2007,February,23,Winter,,Canada,Ontario,,44.022711,-79.450837,Fireball,2.0,2007-02-12 23:00 est orange - green northwest streak across central ontario - space debris
26115,2008-02-12 01:00:00,2013-12-23,2008,February,1,Winter,,United States,Texas,,31.4883333,-94.9397222,Light,1200.0,this is a report of a ufo event in the town of wellstexas
26117,2008-02-12 07:45:00,2008-03-04,2008,February,7,Winter,,United States,California,Carlsbad,33.129955,-117.308976,Cylinder,20.0,bright light off the sw coast of california
26133,2009-02-12 14:00:00,2009-03-19,2009,February,14,Winter,,Denmark,North Denmark Region,Aalborg,57.04882,9.921747,Egg,60.0,i saw a round egg shaped object hovering the sky it was grey or silver looking then it started moving away fast.
26235,2004-02-13 22:00:00,2004-03-02,2004,February,22,Winter,,Spain,Catalonia,Barcelona,41.385064,2.173403,Other,10800.0,strange cloud over barcelona spain
26403,2004-02-14 04:00:00,2004-03-02,2004,February,4,Winter,CUB,Cuba,Camagüey,,21.469114,-78.656894,Light,900.0,they werent planes they were ufos
26444,2007-02-14 19:00:00,2007-02-24,2007,February,19,Winter,,Portugal,,Costa da Caparica,38.644684,-9.233385,Light,120.0,red light crossing the sky on the shoreline
26463,2009-02-14 11:10:00,2009-03-19,2009,February,11,Winter,,United Kingdom,Northern Ireland,Lisburn,54.50972,-6.0374,Oval,60.0,mach 3+ oval lisburn n. ireland.
26467,2009-02-14 17:15:00,2009-03-19,2009,February,17,Winter,GBR,United Kingdom,England,London,51.394943,-0.19446,Circle,600.0,circular object[s] seen in skies nnw in morden uk
26474,2009-02-14 23:00:00,2009-03-19,2009,February,23,Winter,,Netherlands,Overijssel,,52.257412,6.792772,Fireball,120.0,rotating fireball changes direction and speed with a rotating arm.
26489,2011-02-14 12:35:00,2011-02-18,2011,February,12,Winter,,United States,New York,,40.9502778,-73.8277778,Teardrop,3.0,about 50 degree weather with sunny skies driving along tuckahoe road all of a sudden up in the sky infront of us we saw 1 (one) brigh
26636,2000-02-15 01:38:00,2000-02-27,2000,February,1,Winter,,United States,New York,New York,40.767499,-73.833079,Egg,60.0,i was walking home from the movies with my friends and we saw these egg shaped flying ships in the sky.
26651,2001-02-15 00:30:00,2001-02-18,2001,February,0,Winter,MYS,Malaysia,Selangor,,3.509247,101.524805,Circle,300.0,round orange light moved across the sky then stopped and got smaller
26668,2002-02-15 23:00:00,2007-11-28,2002,February,23,Winter,,United States,Pennsylvania,State College,40.8019444,-77.8566667,Cone,120.0,orangey-red glowing ufo  with doorway spotted landed on the ground at the psu deer pens facility in the early 1990s.
26670,2003-02-15 03:45:00,2003-04-22,2003,February,3,Winter,,Australia,Victoria,Bendigo,-36.758179,144.280243,Light,10.0,a bright star-like light moved in an arc across the sky and grew fainter as i watched. duration 5-10 seconds
26840,1999-02-16 10:00:00,2000-01-07,1999,February,10,Winter,,United Kingdom,England,London,51.535746,-0.081394,Changing,300.0,i was flying home alone from a family ski-ing trip when the sighting occurred. it was a small plane and the seat next to me was empty.
26842,1999-02-16 19:00:00,1999-04-02,1999,February,19,Winter,,United States,Florida,,30.332804,-87.14977,Light,1800.0,while exiting a mardi gras parade at pensacola beach we notice a red light in night sky that brightened to white then faded to red
26843,1999-02-16 19:30:00,2001-08-05,1999,February,19,Winter,,United States,Texas,,31.135,-99.3347222,Light,300.0,observed two streaks of orange light then two stationary balls of light that lasted about three minutes. also a lot of aircraft lights
26913,2004-02-16 21:30:00,2004-03-09,2004,February,21,Winter,,United States,New York,,40.7905556,-73.2022222,Fireball,20.0,this was no ordinary green light....................
26926,2006-02-16 00:00:00,2006-07-16,2006,February,0,Winter,,,,,-8.783195,-124.508523,Triangle,30.0,i was sitting in seat 47k (a window seat on the right side of the jet airliner) of japan airlines flight jl 060 on feb 16 2006 on my
26944,2008-02-16 19:00:00,2008-03-04,2008,February,19,Winter,,United Kingdom,England,,54.316667,-2.75,Light,30.0,((hoax??))  was a light in the sky that justed warped into space after 20 secs
27072,2006-02-17 05:48:00,2006-03-11,2006,February,5,Winter,,United Kingdom,England,,52.633333,1.75,Light,120.0,was walking too work when i noticed a really brite light in the sky at first i thought it may have been the planet you can see in the e
27240,2009-02-18 22:00:00,2009-03-19,2009,February,22,Winter,,United Kingdom,England,,50.85,0.6,Circle,1200.0,orange orbs over hastings(uk) seafront.  night sighting
27314,1999-02-19 22:00:00,1999-04-02,1999,February,22,Winter,,Chile,Santiago Metropolitan Region,,-33.585886,-70.556496,Sphere,360.0,a star-like body that moved very rapidly across a long distance
27403,2011-02-19 02:56:00,2011-02-23,2011,February,2,Winter,,Denmark,Capital Region of Denmark,,55.651123,12.194711,Circle,7200.0,bight distant light in the sky suggesting movement. no details visible to the naked eye. camer caught much more.
27488,2002-02-20 01:00:00,2002-06-12,2002,February,1,Winter,,United States,New Hampshire,,43.1338889,-70.9269444,Light,3600.0,a light that floats at tree level and hangs out for over an hour
27491,2002-02-20 08:15:00,2002-03-19,2002,February,8,Winter,,United States,Florida,,28.363391,-81.542485,Other,300.0,while cruising in the caribian on a clear day my wife and self saw a strange shaped white object which seemed to change shapes as we wa
27613,2013-02-20 07:00:00,2013-08-30,2013,February,7,Winter,,Canada,Ontario,Toronto,43.761538,-79.411079,Light,120.0,two motionless hazy white lights in bright morning sky supported by nothing.
27841,2002-02-02 15:30:00,2002-02-22,2002,February,15,Winter,,Brazil,Paraná,Curitiba,-25.420039,-49.265097,Cylinder,1800.0,a big cylinder floating in the sky
27865,2004-02-02 19:30:00,2004-02-12,2004,February,19,Winter,,Canada,Prince Edward Island,Charlottetown,46.233333,-63.133333,Fireball,2.0,fireball over charlottetown
27897,2008-02-02 19:00:00,2008-02-14,2008,February,19,Winter,,United States,Maryland,,39.3941667,-76.5238889,Light,120.0,two bright lights suddenly dim and disappear
27939,2012-02-02 05:35:00,2012-02-10,2012,February,5,Winter,,United States,New York,,42.7869444,-73.9713889,Triangle,45.0,bright white lights in a bowed triangular shape moving from ese to wnw towards schenectady ny
27983,1970-02-22 22:00:00,2008-02-14,1970,February,22,Winter,,United States,Florida,,25.5802778,-80.3469444,Light,10.0,bright light seen hovering over biscayne bay on cool clear night
28003,2001-02-22 05:30:00,2009-04-14,2001,February,5,Winter,,United States,Pennsylvania,Brecknock Township,40.1966667,-76.0177778,Unknown,120.0,an obect initialy with a tail and then with 3 circular lights cleared the entire sky line in about 1 minute.
28005,2001-02-22 17:19:00,2001-02-24,2001,February,17,Winter,,United States,Florida,Port Charlotte,27.006711,-82.147212,Other,180.0,possible exotic new stealth aircraft witnessed.
28006,2001-02-22 19:20:00,2001-02-24,2001,February,19,Winter,,United States,Texas,,32.7480556,-98.0088889,Cigar,120.0,we saw one craft. it travelled left to right with very bright lights that were luminous of yellowish green. the lights disappeared all
28007,2001-02-22 19:45:00,2001-02-24,2001,February,19,Winter,,United States,Iowa,,42.0658333,-94.8666667,Light,30.0,unbelievable five large orange/yellow bright spheres appearing one after another moving quickly across the sky and disappearing.
28008,2001-02-22 20:00:00,2001-03-06,2001,February,20,Winter,,United States,Michigan,Dearborn,42.3222222,-83.1763889,Formation,8.0,i never would have believed but i saw something that was definetly not normal
28029,2004-02-22 17:59:00,2004-08-24,2004,February,17,Winter,MYS,Malaysia,Sarawak,,2.557429,113.001199,Other,14400.0,ufo bird style.
28338,1999-02-24 22:00:00,1999-04-02,1999,February,22,Winter,,Belgium,East Flanders,Ghent,51.054342,3.717424,Disk,5.0,it seemed to be flying very low without making noise. it was very big and it seemed to be that the front of the saucer was lighting up
28399,2006-02-24 19:30:00,2006-03-11,2006,February,19,Winter,,United States,Maryland,Baltimore,39.317915,-76.686027,Chevron,600.0,3 luminous chevron-like objects silently cruising.
28432,2009-02-24 18:30:00,2009-03-19,2009,February,18,Winter,,United States,Massachusetts,New Bedford,41.636215,-70.934205,Light,37800.0,bright light flickering in the night sky in new bedford ma
28442,2011-02-24 20:11:00,2011-03-10,2011,February,20,Winter,,United States,Arizona,Chandler,33.305571,-111.90626,Light,840.0,four lights non formation up high over desert
28461,2013-02-24 21:30:00,2013-02-28,2013,February,21,Winter,,United States,New York,,41.700371,-73.92097,Circle,600.0,i noticed objects in the sky that appeared to be hovering glowing lights that were red and white in color.
28488,1997-02-25 18:00:00,2010-02-14,1997,February,18,Winter,,Poland,Holy Cross Voivodeship,,51.114294,20.847783,Triangle,10.0,strange object in poland  97 winter
28491,1998-02-25 05:45:00,2002-09-28,1998,February,5,Winter,,United States,Tennessee,,35.145895,-87.354567,Cylinder,900.0,an object of about 150ft in lenth[estamete]with 4 bright lights in perfect alignment along its bottom.it was hovering app. 100ftabove t
28512,2002-02-25 00:00:00,2002-03-19,2002,February,0,Winter,,Netherlands,North Brabant,'s-Hertogenbosch,51.697816,5.303675,Disk,20.0,observer is a commercial pilot driving along the interstate highway. object first appeared as a bright light (like a highway lightspot
28530,2005-02-25 10:11:00,2005-04-16,2005,February,10,Winter,,United States,California,San Diego,32.751221,-117.184591,Changing,90.0,the object came out of nowhere did a dance and than disappeared.
28544,2007-02-25 17:46:00,2007-03-08,2007,February,17,Winter,,United States,New York,New York,40.71113,-73.81413,Flash,300.0,object with white trail but left nothing behind
28555,2008-02-25 18:58:00,2008-03-04,2008,February,18,Winter,,United States,New York,,40.7919444,-73.5402778,Other,120.0,i know what air planes look like when they fly over. this was not one. this came from the south and was at first a gold light it had fl
28648,2003-02-26 21:30:00,2003-03-11,2003,February,21,Winter,AUS,Australia,Western Australia,,-33.583333,115.083333,Flash,3600.0,several flashes from a stationary point source of light  in the night sky seen over a period of time.
28673,2007-02-26 15:00:00,2007-04-27,2007,February,15,Winter,,United States,Arizona,Tempe,33.417951,-111.936184,Triangle,3.0,orange triangle viewed by passenger from flight over arizona desert
28833,2008-02-27 00:17:00,2008-03-04,2008,February,0,Winter,,United States,California,,33.020827,-117.278897,Changing,900.0,very bright stationary bright object cycling thru reds blues greens and white.   ((nuforc note:  twinkling star??  pd))
29030,2012-02-28 17:00:00,2013-08-30,2012,February,17,Winter,AUS,Australia,Western Australia,,-31.766667,116.35,Rectangle,25.0,heard a helicopter sound went outside and the sound stopped. saw a rectangular object moving west to east at 50 km ph. it was at stone
29081,2004-02-29 21:00:00,2004-03-02,2004,February,21,Winter,,United States,Maryland,Baltimore,39.2302778,-76.6025,Oval,45.0,bright light; oval shaped object right in the backyard very close to home and people.
29147,2004-02-03 19:00:00,2004-02-12,2004,February,19,Winter,,Netherlands,Utrecht,,51.9756,5.33845,,10800.0,well im going nuts here nothing but 'verry' fast flying machines hearing and seeing here -there not the tipicle cause thay move way fas
29199,2011-02-03 23:00:00,2012-05-29,2011,February,23,Winter,,United States,Pennsylvania,Pittsburgh,40.440625,-79.995886,Cigar,600.0,the ufo was hovering.
29200,2012-02-03 00:45:00,2012-02-03,2012,February,0,Winter,,United States,New York,,41.1072222,-73.7963889,Cigar,4.0,mysterious 'flood lights' spotted in sky
29287,2003-02-04 23:15:00,2003-03-04,2003,February,23,Winter,,Germany,,Hamburg,53.55,10.0,Circle,18000.0,we saw two circles above a field they were white and the moved to us. they came closer and we drove away we heard some name i though
29456,2007-02-05 07:00:00,2007-02-24,2007,February,7,Winter,,Japan,Osaka Prefecture,Yao,34.626864,135.600978,Other,900.0,hundreds of ufos in japanese park
29520,2012-02-05 22:00:00,2012-02-10,2012,February,22,Winter,,United States,New York,,40.7655556,-73.0155556,Light,120.0,saw a red glowing light in the southeastern sky that was glowing and not moving. when a airplane coming from the north towards the ligh
29592,2006-02-06 04:30:00,2006-05-15,2006,February,4,Winter,GBR,United Kingdom,England,London,51.608866,0.032439,Other,1800.0,((hoax))  a fleet of ships landed in my back garden and took off again.
29757,2005-02-07 14:00:00,2008-08-12,2005,February,14,Winter,GBR,United Kingdom,England,London,51.433333,-0.383333,Oval,3600.0,oval in shape displaying images and moving at great speed
29795,2010-02-07 19:45:00,2010-02-14,2010,February,19,Winter,CAN,Canada,Saskatchewan,Rosemount No. 378,52.366667,-108.216667,Cylinder,120.0,a big red ufo flew past the house followed by another red ufo
29884,2002-02-08 23:45:00,2002-08-16,2002,February,23,Winter,,Netherlands,Overijssel,,52.35826,6.593873,Light,480.0,it was an circle-object that came out of noware with a high speed in the air. we saw it and suddenly the object didnt move. it was a
30066,2003-02-09 02:15:00,2003-03-04,2003,February,2,Winter,,Norway,,Trondheim,63.430515,10.395053,Light,300.0,blueish-white light during the night over the city of trondheim norway.
30114,2008-02-09 16:40:00,2009-03-19,2008,February,16,Winter,CAN,Canada,British Columbia,,49.84,-119.61,Formation,5.0,saw a streaking object for only a few seconds travelling too fast to be a bird or small engine plane.
30229,2004-03-10 00:00:00,2012-10-30,2004,March,0,Spring,,Argentina,Buenos Aires,Merlo,-34.6685,-58.728248,Disk,1800.0,it seemed to me that the craft enjoyed looking at us that night don&#180;t know what would ve happened if we hadn&#180;t keep a safe distance..
30233,2004-03-10 03:00:00,2004-10-27,2004,March,3,Spring,,United Kingdom,England,,52.633333,1.75,Disk,30.0,disc/saucer shaped object seen in early morning night sky over great  yarmouth england
30355,2013-03-10 20:00:00,2013-05-15,2013,March,20,Spring,,,,,-8.783195,-124.508523,Formation,360.0,amber orbs journalist and witness video and loss of time near huntington beach ca
30360,2014-03-10 00:00:00,2014-03-18,2014,March,0,Spring,,United States,Virginia,Williamsburg,37.270702,-76.707457,Light,1200.0,white yellow red light not moving.
30524,2012-03-11 20:55:00,2012-03-13,2012,March,20,Spring,,United States,New York,City of Ogdensburg,44.6941667,-75.4866667,Oval,20.0,orange object flying near st lawrence river ny
30728,2009-03-01 22:00:00,2012-10-30,2009,March,22,Spring,IRQ,Iraq,Al-Anbar Governorate,,33.223191,43.679291,Triangle,3600.0,very large triangular shaped hovered for about 30-to 45 minutes over a camp in iraq.no sound many witnesses.
30823,1996-03-12 17:30:00,2001-10-12,1996,March,17,Spring,,United Kingdom,England,,51.783333,1.166667,Triangle,60.0,black triangle 1996 essex england
30934,2008-03-12 14:00:00,2008-10-31,2008,March,14,Spring,AUS,Australia,New South Wales,,-33.359625,151.483792,Disk,2.0,my friend and i were on the bus going home from school when we saw something hovering in mid-air we first thought it was a kite but t
30961,2011-03-12 19:39:00,2011-03-23,2011,March,19,Spring,,Netherlands,Frisia,,52.960561,5.920522,Formation,600.0,5-7 red dots not on the same height moving the same way at the same speed.
31077,1998-03-13 19:00:00,2004-06-04,1998,March,19,Spring,,,,,14.540111,-74.967637,Formation,120.0,saw  the same object  twice out to sea  while serving in u.s. navy.
31206,2010-03-13 11:00:00,2010-04-13,2010,March,11,Spring,,Netherlands,Utrecht,Utrecht,52.091874,5.096623,Disk,3600.0,chemtrails and ufo over utrecht march 13 2010
31361,2007-03-14 22:55:00,2007-04-27,2007,March,22,Spring,,Netherlands,South Holland,,52.076158,4.362541,Circle,900.0,two different shaped lights changing colors in a patternfrequently at night during 15-20 minutes. 500 lights on object0: yes
31557,1998-03-15 18:00:00,2004-01-17,1998,March,18,Spring,,,,,-14.599413,-28.673147,Other,60.0,while serving in the u.s. navy out to sea  i saw the same object twice and it seen me.
31726,2009-03-15 00:00:00,2009-04-14,2009,March,0,Spring,GBR,United Kingdom,England,London,51.483333,0.2,Unknown,120.0,odd noises
31740,2009-03-15 22:00:00,2009-06-09,2009,March,22,Spring,GBR,United Kingdom,Northern Ireland,,55.05,-6.7,Light,120.0,bright light moving across the sky then vanishes as plane comes over.
31827,2000-03-16 00:30:00,2000-04-01,2000,March,0,Spring,,United Kingdom,England,Southampton,50.9097,-1.404351,Unknown,1800.0,looking out towards the moon i looked at a cluster of stars to the right. i noticed the brightest star moving.
31842,2003-03-16 18:00:00,2007-04-27,2003,March,18,Spring,AUS,Australia,,,-25.274398,133.775136,Cigar,1800.0,4 ufo downunder. all cigar shape objects in the sky.
31846,2004-03-16 02:00:00,2004-03-17,2004,March,2,Spring,ARE,United Arab Emirates,Dubai,,25.047664,55.181741,Diamond,120.0,clear diamond shape thing with blue and orange light came close to land but did not land on it and vanished
31910,2009-03-16 21:30:00,2009-03-19,2009,March,21,Spring,,United States,Iowa,Dubuque,42.5005556,-90.6644444,Formation,10.0,chain formation of objects at very high altitude and speed changing to cluster formation as they moved.
32460,1974-03-20 15:30:00,2002-03-19,1974,March,15,Spring,AUS,Australia,Western Australia,,-34.2,116.166667,Disk,90.0,a daylight sighting from 250 metres
32496,2000-03-20 23:00:00,2003-03-04,2000,March,23,Spring,,United Kingdom,England,,52.633333,1.75,Other,3600.0,we witnessed an hour long display of the unusual..
32525,2005-03-20 05:40:00,2005-05-11,2005,March,5,Spring,BRN,Brunei,,,4.6,114.333333,Circle,300.0,circular ufo hovering in the sky and leaving afterwards.
32610,2012-03-20 22:45:00,2012-05-13,2012,March,22,Spring,,Canada,Manitoba,Winnipeg,49.899754,-97.137494,Unknown,10.0,orange light cluster 90 degree directional changes no change in speed during burst of white light and gone
32681,2002-03-21 03:04:00,2004-10-27,2002,March,3,Spring,GBR,United Kingdom,England,London,51.477581,-0.010375,Circle,600.0,circular silver craft noted above the horizon.  the ufo shot directly up into the clouds.  the objcet emitted an orange flame as it inc
32829,2002-03-02 08:00:00,2002-03-19,2002,March,8,Spring,,Netherlands,South Holland,Rotterdam,51.921667,4.481111,Rectangle,15.0,craft took off.  structure built and left behind. the structure is still here.
32995,2003-03-22 00:30:00,2004-06-04,2003,March,0,Spring,IRQ,Iraq,Al-Anbar Governorate,,33.223191,43.679291,Flash,120.0,unexplained lights over marine armored column in southern iraq
33334,2009-03-24 20:11:00,2009-04-14,2009,March,20,Spring,MYS,Malaysia,Pahang,,4.210484,101.975766,Other,15.0,i was taking pictures of plane display on the runway at night.  ((nuforc note:  no photo received at nuforc.  pd))
33363,2012-03-24 19:30:00,2012-05-13,2012,March,19,Spring,AUS,Australia,New South Wales,,-29.515278,153.134722,Fireball,300.0,ufo started out as what looked like a yellow star then as it stated to move it glowed orange traveled at unbelievable speeds horizontal
33372,2012-03-24 21:30:00,2012-05-13,2012,March,21,Spring,GBR,United Kingdom,England,London,51.435475,0.041365,Light,10.0,a flash then bright star then disappeared then reappeared in the east sky with out moving
33588,2004-03-26 07:30:00,2004-03-28,2004,March,7,Spring,CAN,Canada,Newfoundland and Labrador,,48.366667,-53.866667,Sphere,510.0,i se what seems to be a star but looks like a plane lights so i keep looking and it is still in the same place for awhile i go outside
33792,2012-03-27 21:15:00,2012-05-13,2012,March,21,Spring,CAN,Canada,Yukon,,62.766667,-137.383333,Unknown,10.0,blue fireball moving at great speed (canada)
34862,2011-03-05 05:55:00,2011-03-10,2011,March,5,Spring,,Ireland,,,55.376084,-7.798045,Flash,180.0,high alt. bright strobe
35066,2014-03-06 11:15:00,2014-03-18,2014,March,11,Spring,THA,Thailand,Loei Province,,17.37021,101.900579,Rectangle,120.0,geometric lights over north-east thailand.
35247,2013-03-07 02:50:00,2013-05-15,2013,March,2,Spring,GBR,United Kingdom,England,London,51.608866,0.032439,Unknown,120.0,loud boom sound.
35255,2013-03-07 20:30:00,2013-04-12,2013,March,20,Spring,AUS,Australia,Victoria,Geelong,-38.166667,144.35,Light,180.0,bright light.  seen for 2-3 min left at high speed.  ((nuforc note:  possible sighting of the iss we wonder..  pd))
35620,1979-04-10 02:30:00,2003-07-16,1979,April,2,Spring,,,,,14.540111,-74.967637,Unknown,1200.0,underwater lights approached the ship from behind and hovered for around 20 minutes
35641,1998-04-10 23:50:00,2004-07-08,1998,April,23,Spring,GBR,United Kingdom,Northern Ireland,,54.787715,-6.492315,Triangle,420.0,the object went over the top of me at bicycle speed with no noise.
35813,1996-04-11 20:00:00,1998-03-07,1996,April,20,Spring,,,,,-14.599413,-28.673147,Light,14400.0,during a flight from boston to amsterdam a strange point of light could be seen for almost the whole flight.
35976,1945-04-01 10:00:00,2005-04-16,1945,April,10,Spring,,,,,-8.783195,-124.508523,Disk,86400.0,april 1945 i saw a disc over our ship all day as we neard okinawa.
36021,1986-04-01 21:00:00,2007-06-12,1986,April,21,Spring,BIH,Bosnia and Herzegovina,Federation of Bosnia and Herzegovina,,43.933056,17.784167,Triangle,300.0,triangular craft with red pulsating triangle of lights - seen in israel
36102,2003-04-01 00:00:00,2006-10-30,2003,April,0,Spring,KWT,Kuwait,Jahra,,29.31166,47.481766,Oval,120.0,light in sky resembles eye opening.
36313,2006-04-12 23:45:00,2006-12-07,2006,April,23,Spring,,United Kingdom,England,Arun,50.783333,-0.466667,Light,120.0,erratic light seen over gatwick airport 4/12/2006
36951,2003-04-15 21:50:00,2003-05-27,2003,April,21,Spring,NLD,Netherlands,Limburg,,50.920147,5.924489,Diamond,7200.0,triangle or diamond shaped objects in limburg the netherlands
36952,2003-04-15 22:50:00,2003-04-22,2003,April,22,Spring,AUS,Australia,New South Wales,,-33.093373,151.588982,Egg,60.0,object enters with flash of light and explosionflys hoversexits with bang . disappears 3 sitings same location.
37019,2007-04-15 22:00:00,2011-07-17,2007,April,22,Spring,IRQ,Iraq,Al-Anbar Governorate,,33.223191,43.679291,Circle,600.0,3 ufos- one emitting a tornado like beam at my military unit-a 3rd ran an intercept routevanish.((nuforc note:  rocket venting?  pd))
37122,1987-04-16 15:30:00,2005-07-13,1987,April,15,Spring,SAU,Saudi Arabia,Al Madinah Region,,23.984548,38.253305,Disk,60.0,awesome show of colours and wonder amidst desert sands
37751,2007-04-19 21:30:00,2007-04-27,2007,April,21,Spring,GBR,United Kingdom,England,London,51.416667,0.116667,Formation,60.0,was alerted by the people who live next door to me via tex message to look out my flat windowsaw amber in colour lights about as high
37953,2007-04-20 21:30:00,2007-04-27,2007,April,21,Spring,GBR,United Kingdom,England,London,51.426486,0.100939,,1800.0,50-100 yellow/orange balls flying in groups
37974,2008-04-20 19:36:00,2008-06-12,2008,April,19,Spring,,,,,-8.783195,-124.508523,Light,3.0,two glowing light balls moving opposite direction from plane.
38406,1989-04-22 17:30:00,2004-09-01,1989,April,17,Spring,ARE,United Arab Emirates,Dubai,,25.047664,55.181741,Flash,2.0,green bright light flash
38669,2007-04-23 05:00:00,2007-06-12,2007,April,5,Spring,,,,,35.746512,-39.462891,Sphere,30.0,2 passengers observe glowing red sphere during trans-atlantic flight
38952,1958-04-25 19:00:00,1999-04-02,1958,April,19,Spring,,,,,-14.599413,-28.673147,Unknown,60.0,an object that looked like a star until it moved.
39336,2005-04-27 04:00:00,2005-05-11,2005,April,4,Spring,GBR,United Kingdom,England,London,51.383333,-0.1,Unknown,120.0,moving star withiut sound which then vanished for no reason.  ((nuforc note:  possible satellite?  pd))
39544,2007-04-28 19:30:00,2007-06-12,2007,April,19,Spring,AUS,Australia,,,-25.274398,133.775136,Light,5.0,a blue sphere appeared for a few seconds then sped off at incredible speed
39914,2010-04-30 20:30:00,2010-06-03,2010,April,20,Spring,,,,,-8.783195,-124.508523,Oval,60.0,three objects in the sky in the pacific ocean off the coast of mexico or usa on a cruise ship.
40055,2009-04-03 21:30:00,2009-04-14,2009,April,21,Spring,GBR,United Kingdom,England,London,51.394943,-0.19446,Fireball,120.0,orange fireball to the east
40641,1999-04-07 20:00:00,1999-06-23,1999,April,20,Spring,,Netherlands,North Holland,Amsterdam,52.370216,4.895168,Unknown,900.0,i was drivin on the a2 when i saw in the sunset 5 objects haniging in the air. after a few minutes one disapeared with a light flash. t
40674,2004-04-07 23:13:00,2004-04-09,2004,April,23,Spring,AUS,Australia,Victoria,,-36.416667,145.066667,Oval,180.0,oval ufos down under
40810,2002-04-08 02:35:00,2002-04-25,2002,April,2,Spring,AUS,Australia,,,-25.274398,133.775136,Flash,3.0,a brief field of white light travelling at a fast speed early in the morning.
40928,2013-04-08 20:45:00,2013-04-12,2013,April,20,Spring,GBR,United Kingdom,England,London,51.383333,-0.1,Circle,40.0,an unusal round object taking off with white blaze
40933,2013-04-08 23:35:00,2013-04-12,2013,April,23,Spring,ARE,United Arab Emirates,Dubai,,25.047664,55.181741,Formation,300.0,strange objects above dubai united arab emirates.
41404,2007-05-11 21:09:00,2013-07-22,2007,May,21,Spring,GBR,United Kingdom,England,London,51.383333,-0.1,Formation,300.0,there were glowing orange rings of heated metal.
41423,2010-05-11 00:01:00,2011-02-18,2010,May,0,Spring,GBR,United Kingdom,England,London,51.466667,-0.35,Cylinder,300.0,((hoax/obscene)  ((deleted)) scary
41906,2006-05-12 22:40:00,2006-10-30,2006,May,22,Spring,AUS,Australia,Victoria,,-37.883333,147.95,Fireball,30.0,i was watching a movie late at night on tv when all the power and lights went off. i went outside and saw a green thing. i though it wa
42240,2009-05-14 19:20:00,2009-06-09,2009,May,19,Spring,URY,Uruguay,Rocha,,-33.967495,-53.910659,Fireball,30.0,crossing the palmera bridge south of rocha and noticed a bright sun-ball moving silently over some trees to my left. the ball was yell
42269,2012-05-14 20:16:00,2012-05-29,2012,May,20,Spring,,,,,34.553128,18.048011,Other,600.0,small white trail but nothing infront.
42291,1957-05-15 02:00:00,2004-06-18,1957,May,2,Spring,,,,,-14.599413,-28.673147,Unknown,30.0,while flying night navigational mission. we picked up a target on radar flying from east to west. navigator clocked target flying at 50
42317,1968-05-15 23:00:00,2009-03-19,1968,May,23,Spring,,,,,34.553128,18.048011,Fireball,600.0,may 1968 mediterrainian sea bright lights appeared over the sea performed a number of manuevers and then disappeared.
42322,1971-05-15 02:00:00,2003-03-04,1971,May,2,Spring,,Germany,Rhineland-Palatinate,Trier,49.75,6.633333,Circle,15.0,a circular object noted in west germany in 1971 made 90 degree turns without changing speed.
42401,1994-05-15 13:00:00,1999-01-28,1994,May,13,Spring,,,,,-82.862752,-135.0,Fireball,2.0,green fireball streaking across the ski in a southwesterly direction
42415,1995-05-15 21:00:00,2004-01-22,1995,May,21,Spring,,,,,-33.137551,81.826172,Circle,120.0,at sea underwater sighting (indian ocean)  in 1995 i served my last year at sea. my last tour was on the usns kane a us navy research
42559,2005-05-15 13:00:00,2005-05-24,2005,May,13,Spring,GBR,United Kingdom,England,London,51.466667,-0.35,Light,900.0,spotted 3 very bright shiny distant lights moving about in the sky
42588,2006-05-15 16:45:00,2006-07-16,2006,May,16,Spring,CAN,Canada,Newfoundland and Labrador,,47.958156,-55.853811,Sphere,300.0,a red sperical soccer ball sized object floating 5 feet in the air.  ((nuforc note:  student report.  pd))
42657,2010-05-15 22:30:00,2010-06-03,2010,May,22,Spring,,United Kingdom,England,Arun,50.783333,-0.466667,Fireball,60.0,looked like a plane but was lit up red and then it slowed down and stopped then changed direction but going much slower and then just d
42964,1999-05-18 01:15:00,1999-06-23,1999,May,1,Spring,,,,,-14.599413,-28.673147,Light,30.0,sitting on the balcony of the rccl grandeur of the seas my girlfriend and i saw 'lights' flying in a triangle shaped formation.
43019,2005-05-18 23:00:00,2005-05-24,2005,May,23,Spring,CUB,Cayman Islands,,,19.32217,-81.240869,Circle,10.0,my wife and i were on a cruise in the carribean between cozamel mexico and the grand cayman islands. we had returned to our room on the
43341,2000-05-20 21:50:00,2000-06-21,2000,May,21,Spring,CAN,Canada,Yukon,,64.282327,-135.0,Circle,180.0,my husband and i was walking outside and we looked up to stargaze and we noticed a yellowish-glowing light moving out of the northwest
43899,2011-05-22 02:30:00,2011-05-29,2011,May,2,Spring,CAN,Canada,Newfoundland and Labrador,,48.366667,-53.866667,Diamond,300.0,((hoax??))  north of lethbridge alberta
43961,2001-05-23 09:45:00,2001-08-05,2001,May,9,Spring,AUS,Australia,Queensland,,-27.883333,153.133333,Circle,120.0,it was amazing to look at as i knew i was looking at something very unusual.
44040,2010-05-23 18:15:00,2010-06-03,2010,May,18,Spring,GBR,United Kingdom,England,London,51.4,-0.1,Rectangle,300.0,now i see ufos nearly every day
44275,2006-05-25 03:06:00,2006-07-16,2006,May,3,Spring,,,,,-14.599413,-28.673147,Rectangle,300.0,date of sighting: 03-25-2006 location of sighting: 705 miles of the coast of miami fla. and 600 miles from the bahamas&#8217; islands aboar
44575,2003-05-27 17:30:00,2004-09-01,2003,May,17,Spring,UGA,Uganda,Buvuma,,-0.755775,33.438353,Circle,300.0,one bright round light rising in the ene then disappearing in an instant.
44829,2013-05-28 00:00:00,2013-06-02,2013,May,0,Spring,AUS,Australia,Queensland,,-27.927513,153.194305,Light,259200.0,light/orb in private rainforest every night for 3 nights straight.
45565,2013-05-04 09:00:00,2013-05-15,2013,May,9,Spring,AUS,Australia,Western Australia,,-25.933333,114.25,Light,300.0,bright orange light slows down and flashes slowly and disappears.
45912,2006-05-06 12:00:00,2007-06-12,2006,May,12,Spring,ARE,United Arab Emirates,Dubai,,25.047664,55.181741,Cigar,10.0,ufo discovered on photograph taken in the uae
46042,2003-05-07 17:00:00,2003-05-09,2003,May,17,Spring,,,,,54.525961,15.255119,Unknown,5.0,radar warning
46080,2007-05-07 00:10:00,2007-06-12,2007,May,0,Spring,,,,,-14.599413,-28.673147,Light,45.0,two orange lights seen over the atlantic ocean
46337,2003-05-09 17:00:00,2003-05-27,2003,May,17,Spring,,,,,-14.599413,-28.673147,Cylinder,1800.0,huge cylindrical object paced airliner for at least half an hour off the coast of portugal.
46589,2006-06-10 06:00:00,2006-07-16,2006,June,6,Summer,AUS,Australia,,,-25.274398,133.775136,Disk,7200.0,green ufo throughout my sunrise photos
47319,1982-06-01 01:00:00,2011-12-12,1982,June,1,Summer,,,,,-14.599413,-28.673147,Circle,300.0,(6) six glowing green circles/discs below surface of mid- atlantic observed by navy destroyer.
47397,1986-06-01 16:00:00,2007-08-07,1986,June,16,Summer,AUS,Australia,Queensland,,-27.233333,153.116667,Other,120.0,it was late afternoon and i was about to set up for fishing on the beach it was completely blue sky no clouds i looked out towards more
47492,1991-06-01 12:00:00,2007-02-24,1991,June,12,Summer,IRQ,Iraq,Al-Anbar Governorate,,33.223191,43.679291,Disk,4.0,object  filmed by professional camera crew during first gulf war
47713,1998-06-01 21:45:00,2003-03-21,1998,June,21,Summer,,,,,26.750534,51.683427,Light,30.0,light going back and forth and left to right very smoothly across the sky.
48596,1957-06-15 02:30:00,2002-03-19,1957,June,2,Summer,,,,,-14.599413,-28.673147,,120.0,
48673,1968-06-15 01:00:00,2005-04-16,1968,June,1,Summer,THA,Thailand,Rayong Province,,12.680084,101.006255,Formation,1200.0,multiple lights in formation appearing on a horizontal line in the nnw sky
48753,1975-06-15 02:00:00,2004-03-17,1975,June,2,Summer,,,,,14.540111,-74.967637,Unknown,1200.0,moving black mass at sea level in the caribbean.
48864,1980-06-15 00:00:00,2003-09-04,1980,June,0,Summer,,,,,14.540111,-74.967637,,1209600.0,u.s. navy destroyer escort dispatched to puerto rico to observe unknown underwater contact which remained undetermined.
48925,1985-06-15 18:00:00,2007-08-07,1985,June,18,Summer,CAN,Canada,Newfoundland and Labrador,,48.816667,-56.866667,Other,120.0,black tri-lobal object in sky.
49116,1998-06-15 04:15:00,1998-11-21,1998,June,4,Summer,,Netherlands,Groningen,Groningen,53.219384,6.566502,Sphere,900.0,my sister was driving with four people to home(it was morning). than they saw that something was following them a whole time in the sky
49269,2004-06-15 14:24:00,2005-04-16,2004,June,14,Summer,,,,,-8.783195,-124.508523,Oval,30.0,an oval shaped ship with a metallic color shot away from our plane with speed not seen before.
50752,2012-06-21 23:22:00,2012-07-04,2012,June,23,Summer,AUS,Australia,Queensland,,-27.927513,153.194305,Light,3.0,large green light flying downward on a angle
50807,2002-06-02 23:30:00,2002-06-12,2002,June,23,Summer,CAN,Canada,Yukon,,62.766667,-137.383333,Triangle,8.0,three red lights on triangular shapped craft or 3 seperate objects in triangle formation.
50951,1995-06-22 20:00:00,2008-02-14,1995,June,20,Summer,KWT,Kuwait,Jahra,,29.31166,47.481766,Fireball,300.0,1995 in kuwait a green bright light flying toward the sky
51675,2001-06-25 21:10:00,2001-08-05,2001,June,21,Summer,,,,,-14.599413,-28.673147,Oval,45.0,pilot report of a bright light
51822,2012-06-25 22:00:00,2013-07-03,2012,June,22,Summer,,,,,-14.599413,-28.673147,Circle,2700.0,glowing orange ufo at sea.
52270,2005-06-28 18:00:00,2005-09-02,2005,June,18,Summer,AUS,Australia,,,-25.274398,133.775136,Cone,180.0,((nuforc note:  possible hoax.  pd))  dark egg shaped rocket boosters no windows.
52271,2005-06-28 20:15:00,2005-07-05,2005,June,20,Summer,GBR,United Kingdom,England,London,51.394943,-0.19446,Circle,30.0,strange sliver glow
52272,2005-06-28 20:45:00,2005-07-13,2005,June,20,Summer,AUS,Australia,,,-25.274398,133.775136,Circle,300.0,unusual lights above air port and city
52320,2009-06-28 19:30:00,2010-04-13,2009,June,19,Summer,,,,,-14.599413,-28.673147,Triangle,30.0,3 bright red triangle shaped lights over deep atlantic ocean waters near puerto rico
52421,2001-06-29 02:00:00,2001-08-05,2001,June,2,Summer,AUS,Australia,Victoria,,-38.48987,145.203828,Light,2400.0,red lights seen over southern victoria
52425,2001-06-29 23:35:00,2001-08-05,2001,June,23,Summer,AUS,Australia,Queensland,,-27.425435,152.37532,Unknown,60.0,at first i thought it was a plane. but the high speed turns and movments it could not have been a plane. i have about 30sec on video. t
52527,2012-06-29 00:30:00,2012-07-04,2012,June,0,Summer,,United Kingdom,England,,50.85,0.6,Light,45.0,orange orb spotted by two 50+ year old men on the south coast ( hastings ) united kingdom
52558,2013-06-29 19:00:00,2013-07-03,2013,June,19,Summer,AUS,Australia,Victoria,,-37.658455,144.443507,Circle,360.0,strange unidentified light in the sky.
52627,1959-06-30 02:30:00,2010-11-21,1959,June,2,Summer,,,,,35.746512,-39.462891,Unknown,1800.0,unidentified radar contact over atlantic ocean
52819,1983-06-30 19:00:00,2010-11-21,1983,June,19,Summer,,,,,14.540111,-74.967637,Sphere,15.0,3 maroon brown sphere-like objects in perfect line moving forward with 2 second interval per hop.
52944,1999-06-30 22:50:00,2000-12-02,1999,June,22,Summer,CAN,Canada,Newfoundland and Labrador,,48.366667,-53.866667,Oval,300.0,while driving home from work i saw what i first thought was a blue pulsing police roof light; on second look i realized it was much too
53146,2008-06-30 22:00:00,2014-05-02,2008,June,22,Summer,,,,,-8.783195,-124.508523,Unknown,420.0,two sailors notice air contact while on watch that was not showing up on radar.
53189,2010-06-30 23:45:00,2010-07-06,2010,June,23,Summer,,Netherlands,South Holland,Rotterdam,51.921667,4.481111,Light,180.0,fast moving 'star'?
53284,1999-06-03 03:30:00,2001-10-12,1999,June,3,Summer,,,,,-8.783195,-124.508523,Oval,3.0,ufo buzzed endeavor/iss complex.
53348,2006-06-03 03:00:00,2006-10-30,2006,June,3,Summer,,,,,14.540111,-74.967637,Light,1500.0,3 underwater ufo light objects sighted off the coast of mexaco near cozumel.
53707,2010-06-05 05:45:00,2010-06-10,2010,June,5,Summer,AUS,Australia,,,-25.274398,133.775136,Changing,180.0,circular shape with rings descending from the stars rings then changed to triangular shape.
54075,2003-06-07 01:45:00,2003-06-10,2003,June,1,Summer,,Netherlands,South Holland,Rotterdam,51.921667,4.481111,Fireball,600.0,we say a small fireball getting bigger and than it was going up and white high speed to the left and dissepeert in to space.
54403,1995-06-09 02:40:00,1999-11-02,1995,June,2,Summer,,,,,-8.783195,-124.508523,,60.0,intl. airliner crew at 37k witness brilliantly bright yellow obj. streak ahead of them on l side. over e horizon in 1 min.. exclnt.
55429,2000-07-01 23:00:00,2012-05-13,2000,July,23,Summer,,Netherlands,South Holland,Leiden,52.160114,4.49701,Rectangle,60.0,fast moving object in night sky.
55604,2012-07-01 19:03:00,2012-07-04,2012,July,19,Summer,PNG,Papua New Guinea,New Ireland,,-2.620546,151.993102,Fireball,3.0,white/bluish object sighted falling vertically into ocean - approx duration 3 secs.
55845,2011-07-12 20:15:00,2012-03-13,2011,July,20,Summer,AUS,Australia,,,-25.274398,133.775136,Unknown,13.0,bright light observed moving fast by two in north australia.
56197,1983-07-14 00:30:00,2003-07-16,1983,July,0,Summer,CAN,Canada,Manitoba,Unorganized Division No. 22,55.8,-98.85,Unknown,10800.0,what i saw was the darkest crystal eyes i have ever seen.
56559,1971-07-15 14:00:00,2013-12-05,1971,July,14,Summer,,,,,19.491411,132.55096,Cigar,420.0,navy ship meets ufo mother ship at sea.
56580,1974-07-15 02:00:00,2004-06-18,1974,July,2,Summer,,,,,34.553128,18.048011,Unknown,1800.0,underwater light outruns one of the us navys fastest ships and the coverup that insues
56758,1990-07-15 22:00:00,1999-04-26,1990,July,22,Summer,EGY,Egypt,South Sinai,,29.5,34.0,Unknown,90.0,a bright object in the sky moved towards us then flew away.
56982,2002-07-15 03:20:00,2002-07-26,2002,July,3,Summer,,United Kingdom,England,,50.8,-0.366667,Light,180.0,white light diamond shape moving from west to east along the south coast.light was continuously moving in various directions and no tra
56985,2002-07-15 05:00:00,2004-11-02,2002,July,5,Summer,,United Kingdom,England,,50.85,0.6,Light,5.0,slow moving bright ball of light like a white  flair
57142,2008-07-15 00:00:00,2014-02-27,2008,July,0,Summer,IRQ,Iraq,Al-Anbar Governorate,,33.223191,43.679291,Other,30.0,military report:  'ceiling of mirrors' over my blackhawk helicopter.
57163,2008-07-15 23:00:00,2010-11-21,2008,July,23,Summer,CAN,Canada,Manitoba,Unorganized Division No. 22,53.966667,-94.766667,Sphere,900.0,island lake sk canada
57471,2013-07-16 22:00:00,2013-08-30,2013,July,22,Summer,GBR,United Kingdom,England,London,51.55,0.25,Light,1800.0,light flashing then a number of smaller light around it flying around the original point
57575,2005-07-17 19:35:00,2005-09-02,2005,July,19,Summer,AUS,Australia,Western Australia,,-32.336111,115.748611,Light,10.0,was on the phone outside and looked up at the sky and saw this light it was to high in the sky to be a plane it was the hight of the st
58254,1998-07-20 01:35:00,1998-11-21,1998,July,1,Summer,GBR,United Kingdom,England,London,51.583333,-0.166667,Triangle,20.0,a trinangular shape with a slightly concave back edge flew acroos the sky. it was glowing gold.
58570,2004-07-21 23:30:00,2004-07-25,2004,July,23,Summer,NZL,New Zealand,Wellington,,-40.900557,174.885971,Disk,1920.0,egg shaped crafts with projectiles and beams
58724,1971-07-02 21:00:00,2000-07-23,1971,July,21,Summer,,,,,-14.599413,-28.673147,Sphere,300.0,after noting a communicaitons failure we observed a large glowing sphere hovering over the ship.
58998,2003-07-22 00:20:00,2003-07-23,2003,July,0,Summer,CAN,Canada,Newfoundland and Labrador,,48.366667,-53.866667,Triangle,5.0,hbccufo canadian report:  two triangle shaped flying objects.
59058,2009-07-22 22:00:00,2009-08-27,2009,July,22,Summer,USA,United States,Michigan,,47.723087,-86.940716,Fireball,600.0,orange fireball that zigged and zagged across the sky then just stopped.
59402,2003-07-24 00:00:00,2014-02-27,2003,July,0,Summer,KWT,Kuwait,Jahra,,29.31166,47.481766,Disk,240.0,3 different type of lights spinning cw and ccw against each other and the craft would appear and disappear.
59646,2003-07-25 20:30:00,2003-08-01,2003,July,20,Summer,CAN,Canada,British Columbia,,50.55,-119.133333,Cylinder,300.0,hbccufo canadian report:  shiny bright cyl. shape stationary high in the sky 'broke apart' split into 2 exact same size pieces
59796,2012-07-25 20:20:00,2012-08-05,2012,July,20,Summer,COD,Democratic Republic of the Congo,Kasai,,-4.038333,21.758664,Disk,120.0,flying saucer in democratic republic of the congo
59871,2002-07-26 00:30:00,2002-08-28,2002,July,0,Summer,GBR,United Kingdom,England,London,51.45,-0.283333,Light,120.0,bright fast light
60551,2002-07-29 22:50:00,2003-02-25,2002,July,22,Summer,CAN,Canada,British Columbia,Area A (Kyuquot/Nootka/Sayward),50.35,-125.916667,,2.0,six witnesses from british columbia emergency services witness a peculiar apparently controlled object fly low over nearby mountains.
60552,2002-07-29 22:50:00,2002-08-16,2002,July,22,Summer,CAN,Canada,British Columbia,Area A (Kyuquot/Nootka/Sayward),50.35,-125.916667,Other,4.0,very strange 6 people in a about a kilometer apart saw the same thing
60562,2003-07-29 00:00:00,2006-07-16,2003,July,0,Summer,,,,,-14.599413,-28.673147,Circle,900.0,baseball size lightsone behind the othertravelling in straight line
61024,2003-07-31 01:00:00,2003-09-09,2003,July,1,Summer,CAN,Canada,British Columbia,,49.84,-119.61,Flash,2.0,hbccufo canadian report:  it flashed as bright as a flash of lightening.
61070,2006-07-31 15:18:00,2006-12-07,2006,July,15,Summer,,United States,New York,New York,40.723384,-74.001704,Sphere,1.0,spheres passing soho satelite one million miles from earth
62585,2013-07-04 06:50:00,2013-07-14,2013,July,6,Summer,MYS,Malaysia,Selangor,,3.509247,101.524805,Sphere,120.0,3 purple object flying in selangor cheras in malaysia.
63181,2007-07-06 23:00:00,2007-08-07,2007,July,23,Summer,,,,,-14.599413,-28.673147,Circle,600.0,july 6 2007  aboard the carnival liberty atlantic ocean south of florida keys  observed three round blue/green objects.
63823,2010-07-08 21:30:00,2010-08-24,2010,July,21,Summer,,United Kingdom,England,Folkestone and Hythe District,51.016667,1.0,Egg,600.0,6 flying objects  what were they
63871,2013-07-08 18:30:00,2013-07-14,2013,July,18,Summer,MDG,Mauritius,Rivière du Rempart,,-20.035,57.643056,Light,30.0,i was taking my dogs out when i first saw an airplane.  then less than one minute later i saw another light following it.  i thought
63970,2005-07-09 02:45:00,2005-10-11,2005,July,2,Summer,KWT,Kuwait,Jahra,,29.31166,47.481766,Changing,60.0,things just change shape and dissapere from the sky in a blink of an eye...
64010,2008-07-09 21:00:00,2008-08-12,2008,July,21,Summer,KWT,Kuwait,Jahra,,29.31166,47.481766,Light,600.0,possible ufo in the kuwaiti desert disappeared after two military jets entered the air space.
64155,1989-08-10 21:00:00,2010-02-14,1989,August,21,Summer,ESP,Gibraltar,Gibraltar,Gibraltar,36.140751,-5.353585,Other,2700.0,it was a typically hot summer&#180;s evening in gibraltar. i enjoyed walking my dog and on this particular day i had chosen a relatively qui
64287,2005-08-10 23:30:00,2005-12-16,2005,August,23,Summer,,,,,14.540111,-74.967637,Light,45.0,from a cruise ship balcony my stargazing wife and i saw a 'star' streak across the sky stop zig zag erratically and disappear.
64339,2009-08-10 22:15:00,2009-08-27,2009,August,22,Summer,GBR,United Kingdom,England,London,51.4,0.05,Diamond,1200.0,7 moving objects in the shape of a diamond with gold red blue green white and orange lights
64437,2013-08-10 22:00:00,2013-08-30,2013,August,22,Summer,CAN,Canada,Newfoundland and Labrador,,48.366667,-53.866667,Triangle,3600.0,footsteps heard on the roof and triangular object with lights in the night sky.
64533,2004-08-11 13:00:00,2004-08-11,2004,August,13,Summer,CAN,Canada,Manitoba,Rural Municipality of Rosedale,50.531939,-99.468598,Disk,420.0,an object was seen in the sky to the south of the south-east corner of the riding mountain national park.
64611,2009-08-11 00:00:00,2009-12-12,2009,August,0,Summer,GBR,United Kingdom,England,London,51.6,-0.483333,Cylinder,4.0,mystery reigns over a reported ufo sighting over the village on saturday night. of harefield said: &#8220;i spotted around ten orange l
64691,2012-08-11 22:00:00,2012-08-19,2012,August,22,Summer,CAN,Canada,Manitoba,Unorganized Division No. 21,54.727161,-100.484267,Diamond,120.0,bright well defined craft following possibly commercial airliner many wittiness.
64753,1961-08-01 02:00:00,2001-11-20,1961,August,2,Summer,,Philippines,Bataan,,14.791058,120.239734,Circle,1800.0,looking east about 10 to 15 degrees above the horizon i saw this starlike object at a very high speed. there was only one light which
65926,2002-08-14 02:58:00,2002-08-16,2002,August,2,Summer,,,,,-14.599413,-28.673147,Light,13.0,satellite-like object seen manuvering s-turns over atlantic ocean near nassau bahamas.
66376,1993-08-15 00:01:00,2004-04-27,1993,August,0,Summer,CAN,Canada,Newfoundland and Labrador,,48.366667,-53.866667,,25.0,peter we just got this report sent to us.the witness observed this back in 1993 but i thought is was unusual when the witness says it w
66423,1996-08-15 12:30:00,2000-06-06,1996,August,12,Summer,NZL,New Zealand,Wellington,,-40.900557,174.885971,Circle,2700.0,i will only accept an email reply
66604,2003-08-15 01:30:00,2003-08-28,2003,August,1,Summer,AUS,Australia,New South Wales,,-33.093373,151.588982,Oval,900.0,very distinctive and large glistening orange oval shaped craft hovering above us in our home city skies
66642,2004-08-15 21:00:00,2007-02-01,2004,August,21,Summer,SYR,Syria,Ar-Raqqah Governorate,,35.954358,38.253305,Sphere,60.0,amber sphere in iraq
66675,2005-08-15 22:30:00,2006-10-30,2005,August,22,Summer,,Netherlands,Groningen,Groningen,53.219384,6.566502,Circle,60.0,groningen the netherlands
67000,2006-08-16 23:21:00,2006-10-30,2006,August,23,Summer,AUS,Australia,New South Wales,,-33.650655,150.442832,Formation,6.0,i was going home from work one night on the edge of a cliff ( going from winmalee to richmond in n.s.w ) and saw a formation of 3 sour
67403,2001-08-18 22:45:00,2001-08-20,2001,August,22,Summer,CAN,Canada,Yukon,,64.282327,-135.0,Oval,10.0,fast moving pastel red orange oval object darts across oklahoma sky.
67420,2002-08-18 23:08:00,2002-08-28,2002,August,23,Summer,,United Kingdom,England,Arun,50.783333,-0.466667,Triangle,600.0,1 triangle shaped craftbigto far to see what colour .moved in ziping motion.ps one object may have been droped.
67761,2007-08-19 22:50:00,2007-10-08,2007,August,22,Summer,ESP,Gibraltar,Gibraltar,Gibraltar,36.140751,-5.353585,Other,30.0,two star-like lights travelling in perfect line with eachother.   ((nuforc note:  iss in formation with space shuttle??  pd))
67940,1996-08-20 17:00:00,2014-04-24,1996,August,17,Summer,GBR,United Kingdom,England,London,51.583333,0.2,Disk,300.0,disc shaped green ufo.
67945,1997-08-20 23:00:00,2000-12-02,1997,August,23,Summer,CAN,Canada,Newfoundland and Labrador,,48.366667,-53.866667,Triangle,15.0,flying object came from the north heading south
68020,2003-08-20 13:45:00,2003-09-09,2003,August,13,Summer,,,,,41.934977,50.668945,Oval,20.0,on august 20 2003   at 1.45 pm (sunshine) me and my cousin were driving along the caspian sea from chaloos(small beach city) to shahs
68058,2004-08-20 22:15:00,2004-10-27,2004,August,22,Summer,,,,,41.85509,17.290284,Formation,420.0,triangle of lights moving in a straight line across the agean sea almost west-to-east.
68274,2001-08-21 01:00:00,2004-06-04,2001,August,1,Summer,GRC,Greece,,,39.019184,25.268555,Light,50.0,three light spots converging to centre and disappearing at amazing speed
68301,2003-08-21 21:29:00,2003-09-09,2003,August,21,Summer,,,,,-14.599413,-28.673147,Unknown,600.0,ufo sighting 17 miles into the atlantic ocean
68549,2002-08-02 21:34:00,2002-08-16,2002,August,21,Summer,NZL,New Zealand,Wellington,,-40.900557,174.885971,Other,1560.0,7 crafts big lights loud screaching noise extremely big dissapears and re-appears
68589,2006-08-02 02:30:00,2006-10-30,2006,August,2,Summer,,United Kingdom,England,,50.583333,-3.4,Diamond,3.0,bright green light over exmouth england.
69682,2013-08-25 16:00:00,2013-12-02,2013,August,16,Summer,,United Kingdom,England,,52.633333,1.75,Sphere,4.0,i have taken picture of the sun hiding in the fogs.  there was a sphere light next to the sun.  ((nuforc note:  lens flare.  pd))
69784,2006-08-26 03:30:00,2006-10-30,2006,August,3,Summer,,,,,-14.599413,-28.673147,Light,300.0,bright light changing colors sitting still in the sky for 3-4 minutes and then moving slowly and disapperaing in front of our plane.
69930,2002-08-27 02:30:00,2007-02-24,2002,August,2,Summer,,,,,14.540111,-74.967637,Triangle,300.0,multi-light triangle shaped ufo over caribbean ocean as viewed from a cruise ship.
70195,2003-08-28 20:30:00,2003-09-09,2003,August,20,Summer,CAN,Canada,British Columbia,,50.55,-119.133333,Light,120.0,hbccufo canadian report:  i saw a white light in the sky it went from a medium size to big to very tiny.
70392,2003-08-29 10:30:00,2003-09-04,2003,August,10,Summer,NLD,Netherlands,,,12.16957,-68.99002,Light,120.0,lights in the sky over curacao
70642,2004-08-30 10:00:00,2004-09-01,2004,August,10,Summer,,,,,-14.599413,-28.673147,Unknown,5.0,beacon type flashes over the atlantic (pilot report)
70713,2010-08-30 22:00:00,2010-08-30,2010,August,22,Summer,,United Kingdom,Northern Ireland,,54.1,-5.883333,Fireball,300.0,orange light with no noise flying level then climbing rapidly.
70754,2013-08-30 00:08:00,2013-09-09,2013,August,0,Summer,CAN,Canada,Saskatchewan,,52.8,-106.216667,Other,180.0,red/yellow light spider looking object
71325,2001-08-04 01:30:00,2001-08-05,2001,August,1,Summer,,United Kingdom,England,,50.8,-0.366667,Diamond,3600.0,u.f.o in surry for 1 hour
71400,2007-08-04 23:15:00,2007-08-07,2007,August,23,Summer,,United Kingdom,England,,50.8,-0.366667,Circle,300.0,circular light zig-zagging across the sky
71803,2002-08-06 15:00:00,2004-03-17,2002,August,15,Summer,CAN,Canada,Manitoba,Unorganized Division No. 23,57.363474,-97.366434,Disk,120.0,hbccufo canadian report:  silver disc object hovering above witness over lake.
72086,2004-08-07 04:30:00,2004-09-01,2004,August,4,Summer,GBR,United Kingdom,England,London,51.628528,0.003375,Circle,1800.0,huge craft caught on cctv
72106,2007-08-07 05:00:00,2007-10-08,2007,August,5,Summer,NZL,New Zealand,Wellington,,-40.900557,174.885971,Fireball,20.0,domed ufo in fireball spotted over new zealand
72684,2010-08-09 00:30:00,2010-08-24,2010,August,0,Summer,,Germany,North Rhine-Westphalia,Cologne,50.933333,6.95,Cylinder,180.0,sighted a formation of 6 2 side by side followed by another 2then 2 more flying single file from north to south over the center of th
72809,2000-09-10 23:00:00,2000-12-02,2000,September,23,Autumn,CAN,Canada,Yukon,,64.282327,-135.0,,2100.0,while in the yukon close to the nwt border in september i took many pictures of the northern lights i just started looking at them in
72897,2006-09-10 21:00:00,2006-10-30,2006,September,21,Autumn,AUS,Australia,,,-25.274398,133.775136,Triangle,600.0,night time drive nightmare.  ((nuforc note:  possible hoax?  we have requested more information and documentation.  pd))
73107,2001-09-11 22:30:00,2002-05-14,2001,September,22,Autumn,CAN,Canada,Yukon,,64.282327,-135.0,Teardrop,7200.0,it was teardrop shaped with many bright lights.
73208,2009-09-11 21:45:00,2009-12-12,2009,September,21,Autumn,,United Kingdom,England,Arun,50.783333,-0.466667,Unknown,5.0,i was out with my telescope tonight...looking in the region of the constellation of cassiopea...if you look at the star shedir 18alp in
73408,1993-09-01 03:00:00,2008-10-31,1993,September,3,Autumn,CAN,Canada,Yukon,,64.282327,-135.0,Circle,1440.0,yukon territory bright sphere bounced along skyline for 24 minutes - sped off.
74114,2002-09-13 22:00:00,2002-09-19,2002,September,22,Autumn,ARE,United Arab Emirates,Dubai,,25.047664,55.181741,Changing,16.0,a flash movin slow at firstchanges into a spherical shapecirclesraces westleavin behind a hazy greenish smoke trail
74285,1996-09-14 23:30:00,1999-12-16,1996,September,23,Autumn,AUS,Australia,South Australia,,-34.85,138.466667,Light,5.0,i was driving down the street a main road and looked up and saw a green light flash over my head and qwondered what the hell was that
74303,2000-09-14 12:30:00,2000-09-17,2000,September,12,Autumn,AUS,Australia,Queensland,,-26.9861,153.132524,Sphere,9000.0,flashing object changes colour .     second obect-  orange sphere   does nothing except sit there.
74339,2004-09-14 00:50:00,2004-09-29,2004,September,0,Autumn,NZL,New Zealand,Wellington,,-40.900557,174.885971,Sphere,1.0,meteorite?
74538,1966-09-15 01:30:00,2007-10-08,1966,September,1,Autumn,,,,,-8.783195,-124.508523,Unknown,300.0,object in water 2 feet from boat made a straight right turn at high speed
75115,2004-09-16 21:00:00,2004-09-29,2004,September,21,Autumn,GBR,United Kingdom,England,London,51.566667,-0.416667,Formation,1200.0,tiny bright flashing lights in a formation changing into organised patterns
75537,2005-09-18 14:00:00,2005-10-11,2005,September,14,Autumn,,,,,-14.599413,-28.673147,Disk,60.0,lenticular cloud to disc
75673,1996-09-19 23:30:00,1999-11-23,1996,September,23,Autumn,,France,Ile-de-France,Paris,48.856614,2.352222,Oval,420.0,raining / at approx 11.30 or so my wife and i saw a moving oval object behind the clouds ( very clearly ) which was glowing and sudde
76022,1988-09-20 13:00:00,2005-05-11,1988,September,13,Autumn,,,,,-14.599413,-28.673147,Unknown,20.0,the craft was visible at different positions for about 20 seconds at a distance of 3 to 4 miles to 4 to 500 feet.
76278,1988-09-21 03:00:00,2005-05-11,1988,September,3,Autumn,,,,,-14.599413,-28.673147,Fireball,15.0,the light clearly lit up the bow of the vessel where no light should have been in the middle of the atlantic.
76377,2006-09-21 04:00:00,2006-10-30,2006,September,4,Autumn,CUB,Cayman Islands,,,19.32217,-81.240869,Light,60.0,moving lights underwater next to cruise ship in caribbean.
76932,2006-09-22 02:00:00,2008-10-31,2006,September,2,Autumn,IDN,Indonesia,Central Kalimantan,,-0.789275,113.921327,Oval,300.0,ship object was landed at the center of tol road approx 60 km from jakarta to cikampek in dawuan place
77004,2010-09-22 22:30:00,2010-11-21,2010,September,22,Autumn,,,,,-14.599413,-28.673147,Light,120.0,ufo?...bouncing light then the large object that seemed to be dropping things off of it see the videos i captured some of the scenes
77843,2008-09-26 21:30:00,2008-10-31,2008,September,21,Autumn,GBR,United Kingdom,England,London,51.394943,-0.19446,Unknown,60.0,morden sighting 26/09/08
78000,2004-09-27 19:40:00,2004-09-29,2004,September,19,Autumn,KWT,Kuwait,Jahra,,29.31166,47.481766,Light,15.0,isaw a red small light ne kuwait city sky suden is on than it gos off then came back moor brighter it wasnt moving than it turn off iwa
78041,2008-09-27 19:00:00,2008-10-31,2008,September,19,Autumn,GBR,United Kingdom,England,London,51.394943,-0.19446,Unknown,300.0,strange object over the skies of morden surrey uk
78416,2003-09-29 22:30:00,2003-10-15,2003,September,22,Autumn,KEN,Kenya,Meru,,-0.023559,37.906193,Changing,5.0,ovalish sauce emiting light rays
78921,2006-09-03 18:22:00,2006-12-07,2006,September,18,Autumn,,Denmark,North Denmark Region,Aalborg,57.04882,9.921747,Circle,180.0,small white object flew a bit slow.
79002,2011-09-03 21:55:00,2011-10-10,2011,September,21,Autumn,CAN,Canada,Newfoundland and Labrador,,48.366667,-53.866667,Circle,8.0,5 glowing objects seen while watching an outdoor movie
80186,2004-09-09 21:00:00,2004-09-29,2004,September,21,Autumn,ARE,United Arab Emirates,Dubai,,25.047664,55.181741,Disk,15.0,silver disk shaped object with lights surrounding edge of underside which hovered for about 15 secs.
